user_id,variant,metric,timestamp,device_type,age_group
user_000000,control,107.45071229516849,2024-01-01 00:00:00,desktop,18-24
user_000001,control,97.92603548243223,2024-01-01 01:00:00,tablet,18-24
user_000002,control,109.71532807151038,2024-01-01 02:00:00,desktop,35-44
user_000003,control,122.84544784612038,2024-01-01 03:00:00,tablet,18-24
user_000004,control,96.48769937914996,2024-01-01 04:00:00,tablet,35-44
user_000005,control,96.4879456457623,2024-01-01 05:00:00,tablet,18-24
user_000006,control,123.68819223261087,2024-01-01 06:00:00,desktop,45+
user_000007,control,111.51152093729362,2024-01-01 07:00:00,mobile,25-34
user_000008,control,92.95788421097572,2024-01-01 08:00:00,mobile,45+
user_000009,control,108.13840065378947,2024-01-01 09:00:00,desktop,35-44
user_000010,control,93.04873460781306,2024-01-01 10:00:00,mobile,45+
user_000011,control,93.01405369644614,2024-01-01 11:00:00,mobile,35-44
user_000012,control,103.62943407349051,2024-01-01 12:00:00,tablet,18-24
user_000013,control,71.30079633013304,2024-01-01 13:00:00,tablet,18-24
user_000014,control,74.12623251230451,2024-01-01 14:00:00,desktop,35-44
user_000015,control,91.5656870613854,2024-01-01 15:00:00,desktop,45+
user_000016,control,84.80753319498365,2024-01-01 16:00:00,mobile,18-24
user_000017,control,104.71370998892911,2024-01-01 17:00:00,tablet,25-34
user_000018,control,86.37963886718184,2024-01-01 18:00:00,desktop,18-24
user_000019,control,78.81544447997062,2024-01-01 19:00:00,desktop,25-34
user_000020,control,121.98473153382331,2024-01-01 20:00:00,desktop,45+
user_000021,control,96.61335549270197,2024-01-01 21:00:00,desktop,25-34
user_000022,control,101.01292307031886,2024-01-01 22:00:00,desktop,25-34
user_000023,control,78.62877720679815,2024-01-01 23:00:00,desktop,25-34
user_000024,control,91.83425913212226,2024-01-02 00:00:00,mobile,25-34
user_000025,control,101.66383884564799,2024-01-02 01:00:00,tablet,18-24
user_000026,control,82.73509633866546,2024-01-02 02:00:00,tablet,25-34
user_000027,control,105.63547027518509,2024-01-02 03:00:00,desktop,18-24
user_000028,control,90.99041965121792,2024-01-02 04:00:00,tablet,25-34
user_000029,control,95.62459375310085,2024-01-02 05:00:00,tablet,35-44
user_000030,control,90.97440081655904,2024-01-02 06:00:00,tablet,45+
user_000031,control,127.78417276763406,2024-01-02 07:00:00,desktop,25-34
user_000032,control,99.79754162893099,2024-01-02 08:00:00,desktop,35-44
user_000033,control,84.1343360656615,2024-01-02 09:00:00,tablet,25-34
user_000034,control,112.33817368154783,2024-01-02 10:00:00,tablet,25-34
user_000035,control,81.68734525043467,2024-01-02 11:00:00,desktop,25-34
user_000036,control,103.13295392507133,2024-01-02 12:00:00,mobile,35-44
user_000037,control,70.60494814180336,2024-01-02 13:00:00,tablet,45+
user_000038,control,80.07720926652354,2024-01-02 14:00:00,mobile,35-44
user_000039,control,102.95291853803685,2024-01-02 15:00:00,tablet,45+
user_000040,control,111.07699869993115,2024-01-02 16:00:00,mobile,25-34
user_000041,control,102.57052421784955,2024-01-02 17:00:00,mobile,18-24
user_000042,control,98.2652757641764,2024-01-02 18:00:00,mobile,25-34
user_000043,control,95.48344456616067,2024-01-02 19:00:00,desktop,45+
user_000044,control,77.82217014448858,2024-01-02 20:00:00,mobile,35-44
user_000045,control,89.20233687407936,2024-01-02 21:00:00,mobile,25-34
user_000046,control,93.09041843560318,2024-01-02 22:00:00,mobile,35-44
user_000047,control,115.85683339328374,2024-01-02 23:00:00,tablet,35-44
user_000048,control,105.15427434352692,2024-01-03 00:00:00,mobile,35-44
user_000049,control,73.554397669559,2024-01-03 01:00:00,tablet,25-34
user_000050,control,104.86125954092192,2024-01-03 02:00:00,mobile,35-44
user_000051,control,94.22376579375525,2024-01-03 03:00:00,mobile,35-44
user_000052,control,89.84616999541062,2024-01-03 04:00:00,desktop,25-34
user_000053,control,109.17514433261302,2024-01-03 05:00:00,tablet,35-44
user_000054,control,115.46499283743927,2024-01-03 06:00:00,mobile,25-34
user_000055,control,113.96920178674299,2024-01-03 07:00:00,tablet,45+
user_000056,control,87.41173715166042,2024-01-03 08:00:00,tablet,45+
user_000057,control,95.36181436223178,2024-01-03 09:00:00,desktop,45+
user_000058,control,104.96895147105346,2024-01-03 10:00:00,desktop,35-44
user_000059,control,114.63317690683539,2024-01-03 11:00:00,desktop,18-24
user_000060,control,92.81238643232065,2024-01-03 12:00:00,desktop,18-24
user_000061,control,97.21511535004274,2024-01-03 13:00:00,desktop,35-44
user_000062,control,83.40497538990958,2024-01-03 14:00:00,desktop,18-24
user_000063,control,82.05690063878994,2024-01-03 15:00:00,desktop,25-34
user_000064,control,112.18788733591298,2024-01-03 16:00:00,desktop,18-24
user_000065,control,120.34360042856234,2024-01-03 17:00:00,mobile,35-44
user_000066,control,98.91984817629499,2024-01-03 18:00:00,tablet,35-44
user_000067,control,115.05299346838036,2024-01-03 19:00:00,desktop,25-34
user_000068,control,105.42454037571451,2024-01-03 20:00:00,desktop,45+
user_000069,control,90.32320368092314,2024-01-03 21:00:00,tablet,35-44
user_000070,control,105.4209340826262,2024-01-03 22:00:00,mobile,25-34
user_000071,control,123.07054849698955,2024-01-03 23:00:00,tablet,18-24
user_000072,control,99.46260941335073,2024-01-04 00:00:00,tablet,18-24
user_000073,control,123.4696548372101,2024-01-04 01:00:00,desktop,25-34
user_000074,control,60.703823438653835,2024-01-04 02:00:00,tablet,25-34
user_000075,control,112.32853756562835,2024-01-04 03:00:00,tablet,35-44
user_000076,control,101.30570602357257,2024-01-04 04:00:00,desktop,18-24
user_000077,control,95.51488974301199,2024-01-04 05:00:00,desktop,25-34
user_000078,control,101.37641164803253,2024-01-04 06:00:00,desktop,18-24
user_000079,control,70.18646628098661,2024-01-04 07:00:00,desktop,25-34
user_000080,control,96.70492168243732,2024-01-04 08:00:00,tablet,18-24
user_000081,control,105.35668857267619,2024-01-04 09:00:00,tablet,45+
user_000082,control,122.16841067112274,2024-01-04 10:00:00,mobile,35-44
user_000083,control,92.22594672589528,2024-01-04 11:00:00,mobile,18-24
user_000084,control,87.87259595660218,2024-01-04 12:00:00,tablet,45+
user_000085,control,92.47364434623195,2024-01-04 13:00:00,mobile,18-24
user_000086,control,113.73103176553111,2024-01-04 14:00:00,tablet,18-24
user_000087,control,104.93126664489526,2024-01-04 15:00:00,mobile,45+
user_000088,control,92.05359694349441,2024-01-04 16:00:00,desktop,18-24
user_000089,control,107.69901149670034,2024-01-04 17:00:00,mobile,18-24
user_000090,control,101.4561632402206,2024-01-04 18:00:00,desktop,35-44
user_000091,control,114.52967485799334,2024-01-04 19:00:00,desktop,45+
user_000092,control,89.46920359183972,2024-01-04 20:00:00,desktop,45+
user_000093,control,95.08506780103347,2024-01-04 21:00:00,desktop,25-34
user_000094,control,94.11837770301764,2024-01-04 22:00:00,mobile,18-24
user_000095,control,78.04727577801822,2024-01-04 23:00:00,tablet,35-44
user_000096,control,104.44180415596864,2024-01-05 00:00:00,desktop,18-24
user_000097,control,103.91582908269834,2024-01-05 01:00:00,mobile,18-24
user_000098,control,100.07670184963692,2024-01-05 02:00:00,desktop,25-34
user_000099,control,96.4811929993728,2024-01-05 03:00:00,mobile,18-24
user_000100,control,78.76943886924379,2024-01-05 04:00:00,mobile,35-44
user_000101,control,93.69032015851961,2024-01-05 05:00:00,mobile,35-44
user_000102,control,94.85928225209845,2024-01-05 06:00:00,tablet,25-34
user_000103,control,87.96584096167572,2024-01-05 07:00:00,mobile,18-24
user_000104,control,97.58071432500986,2024-01-05 08:00:00,mobile,35-44
user_000105,control,106.06076285221808,2024-01-05 09:00:00,tablet,18-24
user_000106,control,128.29278851815795,2024-01-05 10:00:00,tablet,18-24
user_000107,control,102.61866719247759,2024-01-05 11:00:00,mobile,18-24
user_000108,control,103.86325586084146,2024-01-05 12:00:00,tablet,25-34
user_000109,control,98.8833112635075,2024-01-05 13:00:00,desktop,18-24
user_000110,control,71.21843177051437,2024-01-05 14:00:00,desktop,35-44
user_000111,control,99.60229186826174,2024-01-05 15:00:00,tablet,18-24
user_000112,control,100.90345314911539,2024-01-05 16:00:00,tablet,35-44
user_000113,control,136.9486316872793,2024-01-05 17:00:00,mobile,18-24
user_000114,control,97.11458552828316,2024-01-05 18:00:00,tablet,35-44
user_000115,control,104.52321013500419,2024-01-05 19:00:00,mobile,35-44
user_000116,control,99.47932345442135,2024-01-05 20:00:00,desktop,18-24
user_000117,control,82.46982943570703,2024-01-05 21:00:00,tablet,18-24
user_000118,control,117.14234221772531,2024-01-05 22:00:00,mobile,35-44
user_000119,control,111.27899549030161,2024-01-05 23:00:00,mobile,45+
user_000120,control,111.8654792056457,2024-01-06 00:00:00,desktop,25-34
user_000121,control,86.35918817807891,2024-01-06 01:00:00,tablet,45+
user_000122,control,121.04191466404149,2024-01-06 02:00:00,desktop,45+
user_000123,control,78.97223405811579,2024-01-06 03:00:00,mobile,18-24
user_000124,control,108.80285640700406,2024-01-06 04:00:00,mobile,25-34
user_000125,control,132.85683438714966,2024-01-06 05:00:00,tablet,45+
user_000126,control,85.14195512303968,2024-01-06 06:00:00,mobile,18-24
user_000127,control,91.50553405595842,2024-01-06 07:00:00,tablet,45+
user_000128,control,101.49477047631461,2024-01-06 08:00:00,desktop,45+
user_000129,control,92.44786518825701,2024-01-06 09:00:00,tablet,18-24
user_000130,control,76.74004853400801,2024-01-06 10:00:00,tablet,18-24
user_000131,control,101.0284446220904,2024-01-06 11:00:00,mobile,18-24
user_000132,control,84.06544429410843,2024-01-06 12:00:00,mobile,25-34
user_000133,control,107.10388645952773,2024-01-06 13:00:00,tablet,45+
user_000134,control,86.20863648649295,2024-01-06 14:00:00,mobile,18-24
user_000135,control,123.24901607526309,2024-01-06 15:00:00,mobile,35-44
user_000136,control,88.25120061495645,2024-01-06 16:00:00,mobile,45+
user_000137,control,95.16907725691486,2024-01-06 17:00:00,tablet,35-44
user_000138,control,112.20275826054504,2024-01-06 18:00:00,mobile,25-34
user_000139,control,81.53703525349067,2024-01-06 19:00:00,tablet,18-24
user_000140,control,103.41189901906193,2024-01-06 20:00:00,mobile,35-44
user_000141,control,119.60714131423643,2024-01-06 21:00:00,desktop,25-34
user_000142,control,75.88775148158159,2024-01-06 22:00:00,mobile,18-24
user_000143,control,102.76950787798457,2024-01-06 23:00:00,mobile,35-44
user_000144,control,103.89824191372635,2024-01-07 00:00:00,tablet,35-44
user_000145,control,111.72734307665965,2024-01-07 01:00:00,tablet,25-34
user_000146,control,81.44573933682878,2024-01-07 02:00:00,mobile,18-24
user_000147,control,80.19315080373585,2024-01-07 03:00:00,desktop,18-24
user_000148,control,107.82912348425347,2024-01-07 04:00:00,mobile,35-44
user_000149,control,104.45477009849779,2024-01-07 05:00:00,mobile,35-44
user_000150,control,103.75739275518815,2024-01-07 06:00:00,desktop,35-44
user_000151,control,105.19672314245463,2024-01-07 07:00:00,tablet,18-24
user_000152,control,89.79962917632264,2024-01-07 08:00:00,mobile,25-34
user_000153,control,103.48380545741506,2024-01-07 09:00:00,tablet,25-34
user_000154,control,104.39608709948021,2024-01-07 10:00:00,tablet,18-24
user_000155,control,89.28472872960448,2024-01-07 11:00:00,desktop,45+
user_000156,control,127.98661766717134,2024-01-07 12:00:00,desktop,25-34
user_000157,control,107.10749381367681,2024-01-07 13:00:00,tablet,35-44
user_000158,control,82.13044754196028,2024-01-07 14:00:00,mobile,45+
user_000159,control,109.84830412950744,2024-01-07 15:00:00,tablet,45+
user_000160,control,85.37977494659017,2024-01-07 16:00:00,mobile,25-34
user_000161,control,111.80626905613678,2024-01-07 17:00:00,mobile,45+
user_000162,control,117.37893368511106,2024-01-07 18:00:00,desktop,45+
user_000163,control,87.68976522472434,2024-01-07 19:00:00,mobile,25-34
user_000164,control,114.45064193866483,2024-01-07 20:00:00,mobile,25-34
user_000165,control,106.19171390404748,2024-01-07 21:00:00,tablet,45+
user_000166,control,112.33090239991735,2024-01-07 22:00:00,desktop,35-44
user_000167,control,128.4518947398092,2024-01-07 23:00:00,mobile,18-24
user_000168,control,96.31917825995694,2024-01-08 00:00:00,mobile,45+
user_000169,control,88.69395753463766,2024-01-08 01:00:00,desktop,45+
user_000170,control,86.65728355561716,2024-01-08 02:00:00,tablet,35-44
user_000171,control,87.76284572551843,2024-01-08 03:00:00,desktop,45+
user_000172,control,98.84347435878844,2024-01-08 04:00:00,desktop,45+
user_000173,control,105.11727962224965,2024-01-08 05:00:00,mobile,18-24
user_000174,control,104.15036198995028,2024-01-08 06:00:00,mobile,18-24
user_000175,control,112.40774873554035,2024-01-08 07:00:00,tablet,18-24
user_000176,control,100.1950283781686,2024-01-08 08:00:00,mobile,25-34
user_000177,control,121.80301115735975,2024-01-08 09:00:00,mobile,25-34
user_000178,control,96.03014750143066,2024-01-08 10:00:00,desktop,18-24
user_000179,control,140.8025374988443,2024-01-08 11:00:00,mobile,18-24
user_000180,control,109.3850102164751,2024-01-08 12:00:00,tablet,25-34
user_000181,control,87.14263665375576,2024-01-08 13:00:00,desktop,35-44
user_000182,control,83.93661252908332,2024-01-08 14:00:00,tablet,45+
user_000183,control,107.23708622864778,2024-01-08 15:00:00,desktop,45+
user_000184,control,96.64805822011223,2024-01-08 16:00:00,mobile,18-24
user_000185,control,110.71000741138138,2024-01-08 17:00:00,desktop,35-44
user_000186,control,107.09856436860318,2024-01-08 18:00:00,desktop,25-34
user_000187,control,98.9075663101469,2024-01-08 19:00:00,mobile,18-24
user_000188,control,87.29809422897392,2024-01-08 20:00:00,mobile,35-44
user_000189,control,77.27729162971204,2024-01-08 21:00:00,tablet,35-44
user_000190,control,93.30227571899468,2024-01-08 22:00:00,tablet,35-44
user_000191,control,112.84598191485209,2024-01-08 23:00:00,mobile,25-34
user_000192,control,103.21140616195306,2024-01-09 00:00:00,mobile,25-34
user_000193,control,81.31391831932018,2024-01-09 01:00:00,mobile,45+
user_000194,control,102.59771388776772,2024-01-09 02:00:00,desktop,45+
user_000195,control,105.77976069593255,2024-01-09 03:00:00,desktop,35-44
user_000196,control,86.742138456983,2024-01-09 04:00:00,desktop,35-44
user_000197,control,102.30587658918292,2024-01-09 05:00:00,mobile,25-34
user_000198,control,100.87313077669,2024-01-09 06:00:00,tablet,45+
user_000199,control,82.85544553254066,2024-01-09 07:00:00,mobile,35-44
user_000200,control,105.36681040522424,2024-01-09 08:00:00,desktop,45+
user_000201,control,108.41176789552351,2024-01-09 09:00:00,desktop,45+
user_000202,control,116.24576864762915,2024-01-09 10:00:00,mobile,35-44
user_000203,control,115.80703078052355,2024-01-09 11:00:00,mobile,25-34
user_000204,control,79.33495948064363,2024-01-09 12:00:00,desktop,35-44
user_000205,control,85.93262440127316,2024-01-09 13:00:00,desktop,35-44
user_000206,control,107.7255290081299,2024-01-09 14:00:00,desktop,45+
user_000207,control,107.70678926368313,2024-01-09 15:00:00,mobile,35-44
user_000208,control,107.72571529459071,2024-01-09 16:00:00,desktop,25-34
user_000209,control,157.7909723598208,2024-01-09 17:00:00,desktop,35-44
user_000210,control,108.5633576603975,2024-01-09 18:00:00,tablet,25-34
user_000211,control,117.03348460270898,2024-01-09 19:00:00,mobile,25-34
user_000212,control,114.31002645239803,2024-01-09 20:00:00,tablet,45+
user_000213,control,109.77086876958697,2024-01-09 21:00:00,tablet,18-24
user_000214,control,95.27096133039481,2024-01-09 22:00:00,desktop,18-24
user_000215,control,111.38453830739901,2024-01-09 23:00:00,mobile,45+
user_000216,control,88.40762178193643,2024-01-10 00:00:00,desktop,35-44
user_000217,control,96.44772089889986,2024-01-10 01:00:00,mobile,45+
user_000218,control,92.71954678256344,2024-01-10 02:00:00,tablet,25-34
user_000219,control,101.22811209079484,2024-01-10 03:00:00,mobile,18-24
user_000220,control,134.71987850010262,2024-01-10 04:00:00,desktop,45+
user_000221,control,71.99102211112378,2024-01-10 05:00:00,desktop,35-44
user_000222,control,110.2939028556177,2024-01-10 06:00:00,desktop,45+
user_000223,control,75.80926193215522,2024-01-10 07:00:00,mobile,18-24
user_000224,control,92.92102201315849,2024-01-10 08:00:00,tablet,45+
user_000225,control,116.33425895451049,2024-01-10 09:00:00,tablet,45+
user_000226,control,100.96420028643195,2024-01-10 10:00:00,mobile,18-24
user_000227,control,83.8338283310604,2024-01-10 11:00:00,desktop,25-34
user_000228,control,89.27044436110047,2024-01-10 12:00:00,tablet,25-34
user_000229,control,110.19396623402014,2024-01-10 13:00:00,desktop,18-24
user_000230,control,89.04450052424295,2024-01-10 14:00:00,mobile,45+
user_000231,control,103.24687884372962,2024-01-10 15:00:00,desktop,18-24
user_000232,control,100.6835775985572,2024-01-10 16:00:00,tablet,25-34
user_000233,control,90.22599478591275,2024-01-10 17:00:00,tablet,35-44
user_000234,control,132.1591613398799,2024-01-10 18:00:00,desktop,45+
user_000235,control,109.50878533477017,2024-01-10 19:00:00,mobile,25-34
user_000236,control,69.6228612001359,2024-01-10 20:00:00,desktop,45+
user_000237,control,102.79681472154141,2024-01-10 21:00:00,mobile,18-24
user_000238,control,90.07320302847418,2024-01-10 22:00:00,desktop,35-44
user_000239,control,112.78650002194335,2024-01-10 23:00:00,tablet,18-24
user_000240,control,88.11218892350949,2024-01-11 00:00:00,mobile,35-44
user_000241,control,98.27895337799652,2024-01-11 01:00:00,mobile,45+
user_000242,control,107.57480918470685,2024-01-11 02:00:00,mobile,45+
user_000243,control,112.98632791255181,2024-01-11 03:00:00,tablet,18-24
user_000244,control,81.99555389416335,2024-01-11 04:00:00,desktop,35-44
user_000245,control,94.98248146238578,2024-01-11 05:00:00,tablet,35-44
user_000246,control,92.87582033258566,2024-01-11 06:00:00,mobile,45+
user_000247,control,90.20006151139432,2024-01-11 07:00:00,desktop,18-24
user_000248,control,126.48181360421646,2024-01-11 08:00:00,tablet,35-44
user_000249,control,106.07472566441433,2024-01-11 09:00:00,mobile,45+
user_000250,control,81.08674068497433,2024-01-11 10:00:00,mobile,25-34
user_000251,control,113.76792920582164,2024-01-11 11:00:00,tablet,18-24
user_000252,control,131.8323429551895,2024-01-11 12:00:00,tablet,25-34
user_000253,control,115.4869789082672,2024-01-11 13:00:00,tablet,18-24
user_000254,control,77.2094505106898,2024-01-11 14:00:00,mobile,45+
user_000255,control,92.73648890700623,2024-01-11 15:00:00,tablet,35-44
user_000256,control,119.00366723779933,2024-01-11 16:00:00,mobile,35-44
user_000257,control,89.38495801571828,2024-01-11 17:00:00,tablet,35-44
user_000258,control,106.65729142219342,2024-01-11 18:00:00,mobile,18-24
user_000259,control,111.61951080144006,2024-01-11 19:00:00,mobile,45+
user_000260,control,86.09604292632875,2024-01-11 20:00:00,desktop,25-34
user_000261,control,99.10711965907299,2024-01-11 21:00:00,tablet,45+
user_000262,control,51.38098989896391,2024-01-11 22:00:00,tablet,25-34
user_000263,control,84.63418537998565,2024-01-11 23:00:00,mobile,18-24
user_000264,control,96.2114777291026,2024-01-12 00:00:00,mobile,18-24
user_000265,control,81.28325227052726,2024-01-12 01:00:00,mobile,25-34
user_000266,control,124.48616955897452,2024-01-12 02:00:00,desktop,25-34
user_000267,control,78.54787933059052,2024-01-12 03:00:00,desktop,25-34
user_000268,control,93.39933269954524,2024-01-12 04:00:00,mobile,45+
user_000269,control,101.96110865929137,2024-01-12 05:00:00,tablet,25-34
user_000270,control,121.61909933599173,2024-01-12 06:00:00,tablet,18-24
user_000271,control,78.46206773230841,2024-01-12 07:00:00,desktop,18-24
user_000272,control,117.4474562823244,2024-01-12 08:00:00,desktop,35-44
user_000273,control,100.1534959152938,2024-01-12 09:00:00,mobile,25-34
user_000274,control,85.27737023428074,2024-01-12 10:00:00,tablet,45+
user_000275,control,106.93155211394907,2024-01-12 11:00:00,mobile,45+
user_000276,control,102.98589543360205,2024-01-12 12:00:00,desktop,45+
user_000277,control,90.99674684261808,2024-01-12 13:00:00,tablet,35-44
user_000278,control,101.04703127485028,2024-01-12 14:00:00,tablet,18-24
user_000279,control,94.2202960470736,2024-01-12 15:00:00,desktop,45+
user_000280,control,101.70276017876873,2024-01-12 16:00:00,mobile,18-24
user_000281,control,109.9319601178157,2024-01-12 17:00:00,mobile,35-44
user_000282,control,123.79025224218029,2024-01-12 18:00:00,tablet,25-34
user_000283,control,81.43276751759726,2024-01-12 19:00:00,desktop,25-34
user_000284,control,131.995500619844,2024-01-12 20:00:00,tablet,25-34
user_000285,control,70.71868300716247,2024-01-12 21:00:00,desktop,45+
user_000286,control,97.72322357446625,2024-01-12 22:00:00,mobile,25-34
user_000287,control,108.82475809726864,2024-01-12 23:00:00,desktop,45+
user_000288,control,104.2148780160255,2024-01-13 00:00:00,mobile,35-44
user_000289,control,90.65950720269109,2024-01-13 01:00:00,desktop,35-44
user_000290,control,96.87816624464087,2024-01-13 02:00:00,tablet,45+
user_000291,control,92.6049859801175,2024-01-13 03:00:00,mobile,18-24
user_000292,control,91.15952864583683,2024-01-13 04:00:00,tablet,25-34
user_000293,control,112.74403145531537,2024-01-13 05:00:00,tablet,25-34
user_000294,control,105.35523228947571,2024-01-13 06:00:00,mobile,25-34
user_000295,control,89.60635607109019,2024-01-13 07:00:00,mobile,45+
user_000296,control,113.49399813149876,2024-01-13 08:00:00,tablet,35-44
user_000297,control,104.60949281314915,2024-01-13 09:00:00,tablet,25-34
user_000298,control,112.1929317825844,2024-01-13 10:00:00,tablet,35-44
user_000299,control,109.44443262885419,2024-01-13 11:00:00,tablet,25-34
user_000300,control,87.56507483616892,2024-01-13 12:00:00,mobile,25-34
user_000301,control,91.59728439704546,2024-01-13 13:00:00,mobile,45+
user_000302,control,111.20940407684893,2024-01-13 14:00:00,tablet,18-24
user_000303,control,109.15555398150197,2024-01-13 15:00:00,desktop,45+
user_000304,control,99.68647609053778,2024-01-13 16:00:00,desktop,25-34
user_000305,control,101.75991074963173,2024-01-13 17:00:00,mobile,25-34
user_000306,control,119.16497343682637,2024-01-13 18:00:00,tablet,18-24
user_000307,control,91.12642916746255,2024-01-13 19:00:00,tablet,35-44
user_000308,control,108.20646071755057,2024-01-13 20:00:00,mobile,35-44
user_000309,control,96.9671102134916,2024-01-13 21:00:00,desktop,25-34
user_000310,control,96.7347819515917,2024-01-13 22:00:00,desktop,35-44
user_000311,control,116.48165277980786,2024-01-13 23:00:00,desktop,25-34
user_000312,control,112.38124523482045,2024-01-14 00:00:00,mobile,18-24
user_000313,control,112.20264454000957,2024-01-14 01:00:00,desktop,18-24
user_000314,control,119.58218210731494,2024-01-14 02:00:00,mobile,25-34
user_000315,control,100.31505762449139,2024-01-14 03:00:00,mobile,18-24
user_000316,control,110.22929456942445,2024-01-14 04:00:00,tablet,45+
user_000317,control,95.34599865109816,2024-01-14 05:00:00,desktop,45+
user_000318,control,104.86249528732664,2024-01-14 06:00:00,mobile,18-24
user_000319,control,98.04785418448473,2024-01-14 07:00:00,desktop,25-34
user_000320,control,101.45493947489078,2024-01-14 08:00:00,desktop,25-34
user_000321,control,108.92735538155371,2024-01-14 09:00:00,tablet,18-24
user_000322,control,87.72668975149791,2024-01-14 10:00:00,desktop,35-44
user_000323,control,131.3858091352819,2024-01-14 11:00:00,tablet,45+
user_000324,control,84.90973927750447,2024-01-14 12:00:00,mobile,35-44
user_000325,control,81.78717080818402,2024-01-14 13:00:00,desktop,25-34
user_000326,control,117.37166310250102,2024-01-14 14:00:00,mobile,25-34
user_000327,control,111.87494040944404,2024-01-14 15:00:00,desktop,35-44
user_000328,control,109.36179725578234,2024-01-14 16:00:00,mobile,18-24
user_000329,control,109.4251826389642,2024-01-14 17:00:00,desktop,35-44
user_000330,control,99.81629840729629,2024-01-14 18:00:00,desktop,35-44
user_000331,control,86.54118442771252,2024-01-14 19:00:00,desktop,45+
user_000332,control,101.1370683729059,2024-01-14 20:00:00,desktop,45+
user_000333,control,89.84257432731832,2024-01-14 21:00:00,desktop,35-44
user_000334,control,114.62679600126627,2024-01-14 22:00:00,desktop,35-44
user_000335,control,97.79413927746792,2024-01-14 23:00:00,desktop,25-34
user_000336,control,87.61754204811233,2024-01-15 00:00:00,desktop,45+
user_000337,control,95.1792123752051,2024-01-15 01:00:00,desktop,45+
user_000338,control,106.19397181413436,2024-01-15 02:00:00,mobile,25-34
user_000339,control,91.54413170794038,2024-01-15 03:00:00,tablet,18-24
user_000340,control,87.66669406650352,2024-01-15 04:00:00,desktop,45+
user_000341,control,103.65530817237868,2024-01-15 05:00:00,tablet,45+
user_000342,control,103.67449856663085,2024-01-15 06:00:00,desktop,18-24
user_000343,control,92.39585236943306,2024-01-15 07:00:00,desktop,45+
user_000344,control,92.93442541572516,2024-01-15 08:00:00,mobile,45+
user_000345,control,103.48074906036454,2024-01-15 09:00:00,mobile,18-24
user_000346,control,78.27873487754013,2024-01-15 10:00:00,tablet,18-24
user_000347,control,78.88804338435168,2024-01-15 11:00:00,mobile,35-44
user_000348,control,89.22333668121345,2024-01-15 12:00:00,mobile,25-34
user_000349,control,96.7982927243223,2024-01-15 13:00:00,tablet,25-34
user_000350,control,104.66361348397007,2024-01-15 14:00:00,mobile,18-24
user_000351,control,122.13034325424329,2024-01-15 15:00:00,desktop,18-24
user_000352,control,112.86489434803029,2024-01-15 16:00:00,tablet,45+
user_000353,control,97.60092205054859,2024-01-15 17:00:00,tablet,35-44
user_000354,control,99.71475688145966,2024-01-15 18:00:00,desktop,35-44
user_000355,control,84.96205953043287,2024-01-15 19:00:00,mobile,18-24
user_000356,control,99.72230296011415,2024-01-15 20:00:00,tablet,45+
user_000357,control,95.67012041619793,2024-01-15 21:00:00,tablet,45+
user_000358,control,104.84077840507135,2024-01-15 22:00:00,desktop,25-34
user_000359,control,87.59153584671516,2024-01-15 23:00:00,desktop,25-34
user_000360,control,107.79019771361759,2024-01-16 00:00:00,mobile,45+
user_000361,control,122.99108369503867,2024-01-16 01:00:00,tablet,25-34
user_000362,control,98.36859777314713,2024-01-16 02:00:00,mobile,18-24
user_000363,control,106.02567583148412,2024-01-16 03:00:00,mobile,45+
user_000364,control,110.35215987566669,2024-01-16 04:00:00,desktop,25-34
user_000365,control,93.98169292171245,2024-01-16 05:00:00,tablet,35-44
user_000366,control,103.36138722715626,2024-01-16 06:00:00,tablet,45+
user_000367,control,100.18888601172692,2024-01-16 07:00:00,tablet,45+
user_000368,control,101.46514147823248,2024-01-16 08:00:00,desktop,35-44
user_000369,control,88.404853242168,2024-01-16 09:00:00,desktop,18-24
user_000370,control,100.36765261388415,2024-01-16 10:00:00,desktop,35-44
user_000371,control,107.46997436868175,2024-01-16 11:00:00,desktop,45+
user_000372,control,121.76715411692562,2024-01-16 12:00:00,desktop,18-24
user_000373,control,114.3890623912781,2024-01-16 13:00:00,tablet,25-34
user_000374,control,132.29773686267333,2024-01-16 14:00:00,mobile,25-34
user_000375,control,88.48978655667926,2024-01-16 15:00:00,tablet,25-34
user_000376,control,113.08480955081018,2024-01-16 16:00:00,mobile,45+
user_000377,control,102.75013008607527,2024-01-16 17:00:00,desktop,35-44
user_000378,control,132.8470439982651,2024-01-16 18:00:00,mobile,18-24
user_000379,control,87.87552571967272,2024-01-16 19:00:00,tablet,25-34
user_000380,control,87.40417236728835,2024-01-16 20:00:00,tablet,18-24
user_000381,control,91.00911031833967,2024-01-16 21:00:00,mobile,45+
user_000382,control,68.1415641353529,2024-01-16 22:00:00,desktop,25-34
user_000383,control,92.11367467478858,2024-01-16 23:00:00,desktop,45+
user_000384,control,88.61301007669454,2024-01-17 00:00:00,tablet,35-44
user_000385,control,102.25590679714311,2024-01-17 01:00:00,mobile,45+
user_000386,control,105.12633963665739,2024-01-17 02:00:00,desktop,45+
user_000387,control,128.1425625882383,2024-01-17 03:00:00,desktop,35-44
user_000388,control,114.25635757279075,2024-01-17 04:00:00,tablet,18-24
user_000389,control,91.34644516506395,2024-01-17 05:00:00,desktop,35-44
user_000390,control,86.52377992977463,2024-01-17 06:00:00,mobile,35-44
user_000391,control,107.37878757259759,2024-01-17 07:00:00,tablet,45+
user_000392,control,80.19650189469037,2024-01-17 08:00:00,tablet,18-24
user_000393,control,127.47188148781531,2024-01-17 09:00:00,mobile,25-34
user_000394,control,117.69160181081931,2024-01-17 10:00:00,tablet,35-44
user_000395,control,92.96236521842943,2024-01-17 11:00:00,desktop,18-24
user_000396,control,74.30298206363683,2024-01-17 12:00:00,desktop,35-44
user_000397,control,120.3080856124812,2024-01-17 13:00:00,mobile,35-44
user_000398,control,98.28190232121074,2024-01-17 14:00:00,desktop,35-44
user_000399,control,118.56724467960193,2024-01-17 15:00:00,mobile,35-44
user_000400,control,76.0835851180845,2024-01-17 16:00:00,mobile,45+
user_000401,control,91.0093746556934,2024-01-17 17:00:00,desktop,18-24
user_000402,control,100.07865549577275,2024-01-17 18:00:00,mobile,18-24
user_000403,control,100.70470890647113,2024-01-17 19:00:00,desktop,18-24
user_000404,control,93.24901792781135,2024-01-17 20:00:00,tablet,35-44
user_000405,control,109.34274898521248,2024-01-17 21:00:00,tablet,45+
user_000406,control,83.98569355926108,2024-01-17 22:00:00,mobile,35-44
user_000407,control,97.8643077246806,2024-01-17 23:00:00,desktop,35-44
user_000408,control,101.80443447567848,2024-01-18 00:00:00,desktop,18-24
user_000409,control,107.71658251088124,2024-01-18 01:00:00,tablet,35-44
user_000410,control,110.67422317133335,2024-01-18 02:00:00,tablet,25-34
user_000411,control,83.13036862243196,2024-01-18 03:00:00,desktop,35-44
user_000412,control,76.98828743896567,2024-01-18 04:00:00,mobile,25-34
user_000413,control,119.16515232847763,2024-01-18 05:00:00,tablet,35-44
user_000414,control,104.98471017969388,2024-01-18 06:00:00,mobile,45+
user_000415,control,88.7727019516517,2024-01-18 07:00:00,mobile,45+
user_000416,control,123.26727963283784,2024-01-18 08:00:00,tablet,18-24
user_000417,control,101.73511951439288,2024-01-18 09:00:00,mobile,35-44
user_000418,control,117.6894577609574,2024-01-18 10:00:00,mobile,25-34
user_000419,control,101.01277722115164,2024-01-18 11:00:00,desktop,25-34
user_000420,control,130.9112188732298,2024-01-18 12:00:00,mobile,35-44
user_000421,control,126.33011263664807,2024-01-18 13:00:00,desktop,25-34
user_000422,control,96.2655377728139,2024-01-18 14:00:00,tablet,45+
user_000423,control,114.57356426431534,2024-01-18 15:00:00,tablet,25-34
user_000424,control,109.68063924377721,2024-01-18 16:00:00,desktop,18-24
user_000425,control,120.52947336298523,2024-01-18 17:00:00,tablet,45+
user_000426,control,85.52614809129844,2024-01-18 18:00:00,mobile,45+
user_000427,control,110.29077189997659,2024-01-18 19:00:00,mobile,45+
user_000428,control,115.87636730274382,2024-01-18 20:00:00,mobile,35-44
user_000429,control,73.61890770365329,2024-01-18 21:00:00,tablet,35-44
user_000430,control,82.25112231001337,2024-01-18 22:00:00,mobile,45+
user_000431,control,69.4115173335985,2024-01-18 23:00:00,tablet,35-44
user_000432,control,95.95889748333164,2024-01-19 00:00:00,mobile,25-34
user_000433,control,110.76313383693943,2024-01-19 01:00:00,desktop,35-44
user_000434,control,122.53535578144042,2024-01-19 02:00:00,tablet,35-44
user_000435,control,101.11142170629662,2024-01-19 03:00:00,tablet,45+
user_000436,control,124.42923318356938,2024-01-19 04:00:00,mobile,18-24
user_000437,control,79.29847812677663,2024-01-19 05:00:00,tablet,18-24
user_000438,control,74.44926340967268,2024-01-19 06:00:00,tablet,18-24
user_000439,control,99.16678451655072,2024-01-19 07:00:00,desktop,25-34
user_000440,control,105.76098173408961,2024-01-19 08:00:00,desktop,35-44
user_000441,control,99.5095787785886,2024-01-19 09:00:00,mobile,18-24
user_000442,control,68.98836849940184,2024-01-19 10:00:00,desktop,45+
user_000443,control,98.66319940730817,2024-01-19 11:00:00,mobile,18-24
user_000444,control,80.4329574924272,2024-01-19 12:00:00,mobile,18-24
user_000445,control,110.04508823245058,2024-01-19 13:00:00,mobile,35-44
user_000446,control,105.49897369145272,2024-01-19 14:00:00,tablet,35-44
user_000447,control,85.90180320508966,2024-01-19 15:00:00,desktop,35-44
user_000448,control,92.2919962399496,2024-01-19 16:00:00,mobile,25-34
user_000449,control,84.11179717166573,2024-01-19 17:00:00,desktop,25-34
user_000450,control,99.05981354090243,2024-01-19 18:00:00,mobile,18-24
user_000451,control,114.32713480751858,2024-01-19 19:00:00,desktop,35-44
user_000452,control,85.21410930496684,2024-01-19 20:00:00,desktop,18-24
user_000453,control,107.56069773276766,2024-01-19 21:00:00,mobile,45+
user_000454,control,92.04613572441339,2024-01-19 22:00:00,tablet,45+
user_000455,control,88.10690751606484,2024-01-19 23:00:00,desktop,35-44
user_000456,control,98.39454460068163,2024-01-20 00:00:00,tablet,35-44
user_000457,control,84.4713651637094,2024-01-20 01:00:00,tablet,45+
user_000458,control,91.69526041979228,2024-01-20 02:00:00,mobile,35-44
user_000459,control,82.03183161116728,2024-01-20 03:00:00,mobile,25-34
user_000460,control,129.47087699374583,2024-01-20 04:00:00,mobile,25-34
user_000461,control,100.52895327957593,2024-01-20 05:00:00,desktop,35-44
user_000462,control,89.50411738011121,2024-01-20 06:00:00,mobile,45+
user_000463,control,103.20969866101333,2024-01-20 07:00:00,mobile,18-24
user_000464,control,98.31507925463755,2024-01-20 08:00:00,desktop,35-44
user_000465,control,96.68545600700166,2024-01-20 09:00:00,desktop,35-44
user_000466,control,109.21250050065137,2024-01-20 10:00:00,mobile,18-24
user_000467,control,111.36261565070957,2024-01-20 11:00:00,mobile,35-44
user_000468,control,92.04248278584208,2024-01-20 12:00:00,mobile,18-24
user_000469,control,91.3627263903298,2024-01-20 13:00:00,mobile,45+
user_000470,control,95.87422454272534,2024-01-20 14:00:00,tablet,25-34
user_000471,control,65.47118252896622,2024-01-20 15:00:00,tablet,45+
user_000472,control,77.27213406702171,2024-01-20 16:00:00,mobile,25-34
user_000473,control,120.50311401166786,2024-01-20 17:00:00,tablet,18-24
user_000474,control,124.67451570251926,2024-01-20 18:00:00,desktop,25-34
user_000475,control,96.26445940665432,2024-01-20 19:00:00,tablet,45+
user_000476,control,108.6483544458365,2024-01-20 20:00:00,tablet,25-34
user_000477,control,104.66875231815304,2024-01-20 21:00:00,mobile,18-24
user_000478,control,146.18321212682855,2024-01-20 22:00:00,tablet,25-34
user_000479,control,116.79362367151865,2024-01-20 23:00:00,tablet,35-44
user_000480,control,98.0812361277885,2024-01-21 00:00:00,tablet,45+
user_000481,control,85.66689339099361,2024-01-21 01:00:00,tablet,35-44
user_000482,control,75.90330519613642,2024-01-21 02:00:00,desktop,18-24
user_000483,control,103.05195453800835,2024-01-21 03:00:00,mobile,25-34
user_000484,control,88.65473882073545,2024-01-21 04:00:00,mobile,35-44
user_000485,control,78.66619435603488,2024-01-21 05:00:00,desktop,35-44
user_000486,control,90.3014067363621,2024-01-21 06:00:00,tablet,25-34
user_000487,control,83.77677994578407,2024-01-21 07:00:00,desktop,25-34
user_000488,control,125.30712452608847,2024-01-21 08:00:00,tablet,45+
user_000489,control,113.22459635424175,2024-01-21 09:00:00,desktop,35-44
user_000490,control,99.88041038025074,2024-01-21 10:00:00,mobile,35-44
user_000491,control,122.19916208335039,2024-01-21 11:00:00,mobile,18-24
user_000492,control,101.16052461471428,2024-01-21 12:00:00,mobile,45+
user_000493,control,87.08073698007604,2024-01-21 13:00:00,tablet,18-24
user_000494,control,122.84686115904486,2024-01-21 14:00:00,tablet,35-44
user_000495,control,108.08365065526988,2024-01-21 15:00:00,desktop,18-24
user_000496,control,84.44130768510315,2024-01-21 16:00:00,desktop,35-44
user_000497,control,97.14491982874588,2024-01-21 17:00:00,mobile,35-44
user_000498,control,86.86572619922865,2024-01-21 18:00:00,tablet,18-24
user_000499,control,79.25800403553495,2024-01-21 19:00:00,desktop,18-24
user_000500,control,113.89266321297463,2024-01-21 20:00:00,tablet,25-34
user_000501,control,128.64124960705195,2024-01-21 21:00:00,tablet,25-34
user_000502,control,79.02148639271289,2024-01-21 22:00:00,mobile,25-34
user_000503,control,108.44453855035856,2024-01-21 23:00:00,mobile,35-44
user_000504,control,90.24036146317259,2024-01-22 00:00:00,tablet,18-24
user_000505,control,92.69311924352957,2024-01-22 01:00:00,tablet,45+
user_000506,control,91.11409113641696,2024-01-22 02:00:00,tablet,35-44
user_000507,control,87.04013845480276,2024-01-22 03:00:00,tablet,45+
user_000508,control,100.7278244191724,2024-01-22 04:00:00,mobile,18-24
user_000509,control,87.53574825383444,2024-01-22 05:00:00,desktop,35-44
user_000510,control,104.05685238669759,2024-01-22 06:00:00,mobile,45+
user_000511,control,99.24642835826295,2024-01-22 07:00:00,desktop,45+
user_000512,control,96.41577929700385,2024-01-22 08:00:00,tablet,25-34
user_000513,control,86.38654506937603,2024-01-22 09:00:00,desktop,25-34
user_000514,control,91.34843004147501,2024-01-22 10:00:00,mobile,25-34
user_000515,control,111.33086838738635,2024-01-22 11:00:00,mobile,35-44
user_000516,control,107.5137578143657,2024-01-22 12:00:00,tablet,18-24
user_000517,control,85.33667132802174,2024-01-22 13:00:00,mobile,18-24
user_000518,control,101.48998458143839,2024-01-22 14:00:00,tablet,25-34
user_000519,control,111.27080685057683,2024-01-22 15:00:00,mobile,25-34
user_000520,control,74.95892078317942,2024-01-22 16:00:00,mobile,25-34
user_000521,control,108.15040288569902,2024-01-22 17:00:00,tablet,45+
user_000522,control,90.0606436158123,2024-01-22 18:00:00,desktop,25-34
user_000523,control,108.5589800288974,2024-01-22 19:00:00,mobile,45+
user_000524,control,88.55111265186224,2024-01-22 20:00:00,desktop,18-24
user_000525,control,72.92676849003222,2024-01-22 21:00:00,mobile,35-44
user_000526,control,75.58686343175256,2024-01-22 22:00:00,mobile,35-44
user_000527,control,100.72127419992073,2024-01-22 23:00:00,mobile,35-44
user_000528,control,103.89583752582223,2024-01-23 00:00:00,mobile,35-44
user_000529,control,86.43525062343387,2024-01-23 01:00:00,desktop,45+
user_000530,control,109.57888688166061,2024-01-23 02:00:00,desktop,45+
user_000531,control,75.0771990659656,2024-01-23 03:00:00,mobile,25-34
user_000532,control,99.00880302029024,2024-01-23 04:00:00,mobile,45+
user_000533,control,81.83475700356315,2024-01-23 05:00:00,desktop,25-34
user_000534,control,90.22245838296762,2024-01-23 06:00:00,tablet,25-34
user_000535,control,100.71098006974621,2024-01-23 07:00:00,tablet,35-44
user_000536,control,87.09379952074072,2024-01-23 08:00:00,desktop,45+
user_000537,control,94.23166683655262,2024-01-23 09:00:00,mobile,45+
user_000538,control,115.0943921382166,2024-01-23 10:00:00,mobile,25-34
user_000539,control,91.34662195715276,2024-01-23 11:00:00,tablet,25-34
user_000540,control,112.53538168097712,2024-01-23 12:00:00,tablet,18-24
user_000541,control,83.05439718013574,2024-01-23 13:00:00,desktop,18-24
user_000542,control,107.94706266872925,2024-01-23 14:00:00,tablet,25-34
user_000543,control,121.6235293098685,2024-01-23 15:00:00,desktop,18-24
user_000544,control,62.92533249809066,2024-01-23 16:00:00,tablet,18-24
user_000545,control,88.04657116794284,2024-01-23 17:00:00,tablet,25-34
user_000546,control,108.6560819077081,2024-01-23 18:00:00,tablet,25-34
user_000547,control,96.9543192093551,2024-01-23 19:00:00,mobile,45+
user_000548,control,105.56718810056964,2024-01-23 20:00:00,mobile,25-34
user_000549,control,90.94022219926269,2024-01-23 21:00:00,mobile,25-34
user_000550,control,101.2988468120935,2024-01-23 22:00:00,tablet,35-44
user_000551,control,97.66484146911881,2024-01-23 23:00:00,desktop,45+
user_000552,control,117.5167309248971,2024-01-24 00:00:00,desktop,45+
user_000553,control,103.8163126495182,2024-01-24 01:00:00,desktop,45+
user_000554,control,105.06403993112804,2024-01-24 02:00:00,desktop,35-44
user_000555,control,93.821845508163,2024-01-24 03:00:00,mobile,25-34
user_000556,control,92.6859066389126,2024-01-24 04:00:00,mobile,45+
user_000557,control,93.51162718270568,2024-01-24 05:00:00,tablet,45+
user_000558,control,105.91678213567445,2024-01-24 06:00:00,tablet,18-24
user_000559,control,93.68523278769605,2024-01-24 07:00:00,desktop,45+
user_000560,control,104.34662285344619,2024-01-24 08:00:00,mobile,25-34
user_000561,control,131.13101197968157,2024-01-24 09:00:00,desktop,25-34
user_000562,control,113.06687055147539,2024-01-24 10:00:00,tablet,18-24
user_000563,control,95.10964701748239,2024-01-24 11:00:00,tablet,45+
user_000564,control,118.01820883245918,2024-01-24 12:00:00,desktop,45+
user_000565,control,93.87886940467673,2024-01-24 13:00:00,tablet,45+
user_000566,control,69.4281319723322,2024-01-24 14:00:00,desktop,35-44
user_000567,control,84.87870533623894,2024-01-24 15:00:00,mobile,45+
user_000568,control,71.93812118461216,2024-01-24 16:00:00,desktop,25-34
user_000569,control,94.72729773938038,2024-01-24 17:00:00,mobile,25-34
user_000570,control,100.27627568784328,2024-01-24 18:00:00,mobile,35-44
user_000571,control,125.14655968412924,2024-01-24 19:00:00,tablet,35-44
user_000572,control,104.90391060646245,2024-01-24 20:00:00,tablet,45+
user_000573,control,96.71349206786704,2024-01-24 21:00:00,tablet,18-24
user_000574,control,112.44108371775233,2024-01-24 22:00:00,desktop,35-44
user_000575,control,66.83297036488173,2024-01-24 23:00:00,desktop,35-44
user_000576,control,103.53421837162848,2024-01-25 00:00:00,tablet,45+
user_000577,control,111.5629779083045,2024-01-25 01:00:00,desktop,45+
user_000578,control,77.82120631330238,2024-01-25 02:00:00,tablet,35-44
user_000579,control,117.15631064810394,2024-01-25 03:00:00,desktop,18-24
user_000580,control,105.07744611241621,2024-01-25 04:00:00,mobile,35-44
user_000581,control,93.77068129148797,2024-01-25 05:00:00,mobile,45+
user_000582,control,109.49172799159427,2024-01-25 06:00:00,tablet,45+
user_000583,control,134.06039286706593,2024-01-25 07:00:00,desktop,35-44
user_000584,control,102.72799382587743,2024-01-25 08:00:00,desktop,18-24
user_000585,control,103.72330879450504,2024-01-25 09:00:00,mobile,35-44
user_000586,control,93.10958650689633,2024-01-25 10:00:00,mobile,35-44
user_000587,control,87.25233445802812,2024-01-25 11:00:00,tablet,45+
user_000588,control,112.45503724816368,2024-01-25 12:00:00,mobile,18-24
user_000589,control,87.15874261136699,2024-01-25 13:00:00,tablet,25-34
user_000590,control,101.07349355829089,2024-01-25 14:00:00,mobile,18-24
user_000591,control,92.83513829852325,2024-01-25 15:00:00,mobile,35-44
user_000592,control,107.18469738619588,2024-01-25 16:00:00,desktop,35-44
user_000593,control,105.00493157930423,2024-01-25 17:00:00,mobile,35-44
user_000594,control,115.56309916386849,2024-01-25 18:00:00,mobile,18-24
user_000595,control,92.3497540171788,2024-01-25 19:00:00,tablet,45+
user_000596,control,95.95187597059943,2024-01-25 20:00:00,mobile,35-44
user_000597,control,85.3185442632654,2024-01-25 21:00:00,tablet,35-44
user_000598,control,93.33560109885832,2024-01-25 22:00:00,mobile,18-24
user_000599,control,105.65950739567279,2024-01-25 23:00:00,mobile,25-34
user_000600,control,111.35482924968028,2024-01-26 00:00:00,tablet,25-34
user_000601,control,86.16752013733561,2024-01-26 01:00:00,desktop,45+
user_000602,control,113.0440888015849,2024-01-26 02:00:00,tablet,45+
user_000603,control,120.33456788207427,2024-01-26 03:00:00,tablet,35-44
user_000604,control,106.20152354835551,2024-01-26 04:00:00,tablet,18-24
user_000605,control,128.151937188371,2024-01-26 05:00:00,desktop,35-44
user_000606,control,88.3931620134464,2024-01-26 06:00:00,mobile,45+
user_000607,control,81.33017945032874,2024-01-26 07:00:00,tablet,18-24
user_000608,control,73.31919626643582,2024-01-26 08:00:00,tablet,18-24
user_000609,control,122.44066467233775,2024-01-26 09:00:00,desktop,45+
user_000610,control,109.81548484531086,2024-01-26 10:00:00,tablet,25-34
user_000611,control,99.16622993634317,2024-01-26 11:00:00,mobile,25-34
user_000612,control,104.19952939479731,2024-01-26 12:00:00,desktop,18-24
user_000613,control,83.11766429052435,2024-01-26 13:00:00,mobile,35-44
user_000614,control,136.6862796942524,2024-01-26 14:00:00,mobile,25-34
user_000615,control,101.93831772962841,2024-01-26 15:00:00,desktop,35-44
user_000616,control,101.64092191907339,2024-01-26 16:00:00,tablet,25-34
user_000617,control,110.88649935848038,2024-01-26 17:00:00,mobile,25-34
user_000618,control,107.2151384760507,2024-01-26 18:00:00,mobile,35-44
user_000619,control,103.35826036418698,2024-01-26 19:00:00,mobile,45+
user_000620,control,88.14288316832032,2024-01-26 20:00:00,mobile,25-34
user_000621,control,107.07202535703993,2024-01-26 21:00:00,desktop,25-34
user_000622,control,128.2303674471255,2024-01-26 22:00:00,desktop,35-44
user_000623,control,120.18130069232467,2024-01-26 23:00:00,mobile,45+
user_000624,control,123.89779939959095,2024-01-27 00:00:00,tablet,25-34
user_000625,control,92.33176485353222,2024-01-27 01:00:00,mobile,25-34
user_000626,control,85.15592769612128,2024-01-27 02:00:00,tablet,45+
user_000627,control,98.11319619850528,2024-01-27 03:00:00,mobile,25-34
user_000628,control,100.83587368433042,2024-01-27 04:00:00,tablet,45+
user_000629,control,116.41287277706422,2024-01-27 05:00:00,mobile,45+
user_000630,control,74.61303055427771,2024-01-27 06:00:00,tablet,35-44
user_000631,control,122.9432547919092,2024-01-27 07:00:00,mobile,18-24
user_000632,control,97.62988152131516,2024-01-27 08:00:00,mobile,45+
user_000633,control,93.5967839507887,2024-01-27 09:00:00,tablet,35-44
user_000634,control,84.81843437109748,2024-01-27 10:00:00,desktop,18-24
user_000635,control,75.17714992201346,2024-01-27 11:00:00,tablet,25-34
user_000636,control,112.34755875942872,2024-01-27 12:00:00,desktop,18-24
user_000637,control,101.09976950782605,2024-01-27 13:00:00,mobile,45+
user_000638,control,80.6505865038842,2024-01-27 14:00:00,tablet,45+
user_000639,control,80.57381841904575,2024-01-27 15:00:00,tablet,45+
user_000640,control,94.96322951064808,2024-01-27 16:00:00,tablet,45+
user_000641,control,125.0353228793409,2024-01-27 17:00:00,desktop,45+
user_000642,control,96.10612972954593,2024-01-27 18:00:00,desktop,35-44
user_000643,control,77.45285570322841,2024-01-27 19:00:00,mobile,45+
user_000644,control,96.31385403871083,2024-01-27 20:00:00,desktop,35-44
user_000645,control,95.90914645378494,2024-01-27 21:00:00,desktop,25-34
user_000646,control,59.546700355876425,2024-01-27 22:00:00,mobile,45+
user_000647,control,99.18557700223282,2024-01-27 23:00:00,tablet,45+
user_000648,control,96.53598204686983,2024-01-28 00:00:00,tablet,18-24
user_000649,control,110.44309547220128,2024-01-28 01:00:00,mobile,25-34
user_000650,control,127.73434142418017,2024-01-28 02:00:00,tablet,45+
user_000651,control,116.89847544321637,2024-01-28 03:00:00,desktop,45+
user_000652,control,95.96666964167754,2024-01-28 04:00:00,mobile,25-34
user_000653,control,83.40211136887494,2024-01-28 05:00:00,mobile,35-44
user_000654,control,138.6003970487479,2024-01-28 06:00:00,mobile,45+
user_000655,control,100.88827651021732,2024-01-28 07:00:00,tablet,18-24
user_000656,control,100.2089393786942,2024-01-28 08:00:00,mobile,45+
user_000657,control,99.63812369334995,2024-01-28 09:00:00,mobile,18-24
user_000658,control,102.97127141151782,2024-01-28 10:00:00,mobile,18-24
user_000659,control,97.83459382114086,2024-01-28 11:00:00,tablet,45+
user_000660,control,91.39506989679646,2024-01-28 12:00:00,desktop,45+
user_000661,control,91.79711588139412,2024-01-28 13:00:00,mobile,18-24
user_000662,control,99.50870094676003,2024-01-28 14:00:00,desktop,25-34
user_000663,control,91.84862843299352,2024-01-28 15:00:00,tablet,25-34
user_000664,control,89.30731325984253,2024-01-28 16:00:00,tablet,45+
user_000665,control,101.59645341537845,2024-01-28 17:00:00,tablet,35-44
user_000666,control,96.17534173868717,2024-01-28 18:00:00,tablet,25-34
user_000667,control,122.55989482874033,2024-01-28 19:00:00,desktop,45+
user_000668,control,60.23545287410482,2024-01-28 20:00:00,mobile,25-34
user_000669,control,116.37260277883692,2024-01-28 21:00:00,tablet,35-44
user_000670,control,118.69127788746444,2024-01-28 22:00:00,tablet,45+
user_000671,control,68.89914651387775,2024-01-28 23:00:00,desktop,35-44
user_000672,control,94.85968608879477,2024-01-29 00:00:00,desktop,45+
user_000673,control,94.42838701006313,2024-01-29 01:00:00,tablet,35-44
user_000674,control,78.88732457923268,2024-01-29 02:00:00,mobile,25-34
user_000675,control,88.33274968613686,2024-01-29 03:00:00,mobile,25-34
user_000676,control,83.34136231801257,2024-01-29 04:00:00,tablet,35-44
user_000677,control,126.28405665135435,2024-01-29 05:00:00,desktop,35-44
user_000678,control,114.03517589721191,2024-01-29 06:00:00,tablet,35-44
user_000679,control,119.07332642491238,2024-01-29 07:00:00,tablet,45+
user_000680,control,110.82508096064853,2024-01-29 08:00:00,desktop,25-34
user_000681,control,83.06422343174157,2024-01-29 09:00:00,tablet,45+
user_000682,control,92.1321960058034,2024-01-29 10:00:00,tablet,25-34
user_000683,control,107.34061841841877,2024-01-29 11:00:00,tablet,18-24
user_000684,control,81.66808286662082,2024-01-29 12:00:00,desktop,45+
user_000685,control,110.69497645258582,2024-01-29 13:00:00,mobile,25-34
user_000686,control,96.39511902762797,2024-01-29 14:00:00,mobile,25-34
user_000687,control,94.37768788675604,2024-01-29 15:00:00,desktop,45+
user_000688,control,110.66439952305237,2024-01-29 16:00:00,mobile,45+
user_000689,control,106.6639496722906,2024-01-29 17:00:00,tablet,25-34
user_000690,control,94.5855075127138,2024-01-29 18:00:00,mobile,45+
user_000691,control,117.38994705046372,2024-01-29 19:00:00,tablet,35-44
user_000692,control,83.78405008600154,2024-01-29 20:00:00,mobile,45+
user_000693,control,109.23903410416395,2024-01-29 21:00:00,desktop,45+
user_000694,control,108.89651886952575,2024-01-29 22:00:00,mobile,45+
user_000695,control,95.35680341029014,2024-01-29 23:00:00,mobile,25-34
user_000696,control,104.89199533363177,2024-01-30 00:00:00,mobile,35-44
user_000697,control,81.23329635422046,2024-01-30 01:00:00,desktop,18-24
user_000698,control,113.86040528810352,2024-01-30 02:00:00,mobile,18-24
user_000699,control,97.22646795335517,2024-01-30 03:00:00,desktop,35-44
user_000700,control,92.1591546922144,2024-01-30 04:00:00,tablet,35-44
user_000701,control,115.73513838755333,2024-01-30 05:00:00,mobile,35-44
user_000702,control,89.4348446418586,2024-01-30 06:00:00,desktop,25-34
user_000703,control,78.8730805545466,2024-01-30 07:00:00,desktop,18-24
user_000704,control,76.65056239714144,2024-01-30 08:00:00,mobile,35-44
user_000705,control,109.0901492701846,2024-01-30 09:00:00,tablet,25-34
user_000706,control,80.79355971255575,2024-01-30 10:00:00,desktop,18-24
user_000707,control,126.32191272976547,2024-01-30 11:00:00,mobile,45+
user_000708,control,68.77105888174417,2024-01-30 12:00:00,tablet,25-34
user_000709,control,125.44684552435058,2024-01-30 13:00:00,desktop,18-24
user_000710,control,103.16526200803928,2024-01-30 14:00:00,desktop,25-34
user_000711,control,98.54930332194411,2024-01-30 15:00:00,tablet,18-24
user_000712,control,91.82621369786575,2024-01-30 16:00:00,tablet,18-24
user_000713,control,105.98704171528107,2024-01-30 17:00:00,mobile,45+
user_000714,control,99.43547946362727,2024-01-30 18:00:00,mobile,25-34
user_000715,control,116.54952823024783,2024-01-30 19:00:00,desktop,35-44
user_000716,control,101.71341472993059,2024-01-30 20:00:00,tablet,45+
user_000717,control,102.25452642192816,2024-01-30 21:00:00,tablet,45+
user_000718,control,94.54581681679217,2024-01-30 22:00:00,tablet,18-24
user_000719,control,99.14581564418398,2024-01-30 23:00:00,desktop,35-44
user_000720,control,104.6170265333809,2024-01-31 00:00:00,tablet,25-34
user_000721,control,74.34747411015061,2024-01-31 01:00:00,tablet,35-44
user_000722,control,79.7772186684143,2024-01-31 02:00:00,desktop,35-44
user_000723,control,111.14896141034072,2024-01-31 03:00:00,mobile,35-44
user_000724,control,102.56298157191912,2024-01-31 04:00:00,mobile,35-44
user_000725,control,97.24024995470981,2024-01-31 05:00:00,desktop,35-44
user_000726,control,100.27650899598089,2024-01-31 06:00:00,tablet,18-24
user_000727,control,105.21372558042506,2024-01-31 07:00:00,desktop,18-24
user_000728,control,91.90360479535957,2024-01-31 08:00:00,mobile,45+
user_000729,control,88.3254291189653,2024-01-31 09:00:00,mobile,18-24
user_000730,control,102.93767882646523,2024-01-31 10:00:00,desktop,45+
user_000731,control,85.32440833577452,2024-01-31 11:00:00,desktop,45+
user_000732,control,106.12379133571707,2024-01-31 12:00:00,mobile,25-34
user_000733,control,74.46124593643239,2024-01-31 13:00:00,desktop,35-44
user_000734,control,115.43733455988465,2024-01-31 14:00:00,mobile,18-24
user_000735,control,107.08896223619564,2024-01-31 15:00:00,desktop,25-34
user_000736,control,103.84044601470814,2024-01-31 16:00:00,desktop,18-24
user_000737,control,114.74036475918271,2024-01-31 17:00:00,desktop,45+
user_000738,control,124.98211666693865,2024-01-31 18:00:00,mobile,18-24
user_000739,control,115.21555097527195,2024-01-31 19:00:00,desktop,35-44
user_000740,control,72.38688653002532,2024-01-31 20:00:00,mobile,45+
user_000741,control,80.80634549896448,2024-01-31 21:00:00,mobile,45+
user_000742,control,90.62772133456482,2024-01-31 22:00:00,desktop,25-34
user_000743,control,100.3913657531625,2024-01-31 23:00:00,desktop,35-44
user_000744,control,107.76488530703685,2024-02-01 00:00:00,mobile,45+
user_000745,control,89.11384280269802,2024-02-01 01:00:00,mobile,35-44
user_000746,control,102.80150146715617,2024-02-01 02:00:00,tablet,18-24
user_000747,control,88.66925601470017,2024-02-01 03:00:00,mobile,35-44
user_000748,control,90.82723295512078,2024-02-01 04:00:00,tablet,45+
user_000749,control,78.90008354727667,2024-02-01 05:00:00,tablet,25-34
user_000750,control,86.15150130833644,2024-02-01 06:00:00,tablet,45+
user_000751,control,79.724730915755,2024-02-01 07:00:00,desktop,35-44
user_000752,control,85.36190120534,2024-02-01 08:00:00,desktop,35-44
user_000753,control,115.80462694911759,2024-02-01 09:00:00,mobile,45+
user_000754,control,85.75901666752085,2024-02-01 10:00:00,tablet,35-44
user_000755,control,139.48573097256087,2024-02-01 11:00:00,desktop,18-24
user_000756,control,107.39976851321333,2024-02-01 12:00:00,desktop,45+
user_000757,control,102.77254185542311,2024-02-01 13:00:00,desktop,25-34
user_000758,control,87.1246332972818,2024-02-01 14:00:00,desktop,45+
user_000759,control,110.50464819113488,2024-02-01 15:00:00,desktop,18-24
user_000760,control,91.36543260643339,2024-02-01 16:00:00,tablet,18-24
user_000761,control,101.83014721968043,2024-02-01 17:00:00,tablet,18-24
user_000762,control,138.40126807403192,2024-02-01 18:00:00,tablet,18-24
user_000763,control,98.55910150413025,2024-02-01 19:00:00,tablet,18-24
user_000764,control,117.23909989428513,2024-02-01 20:00:00,mobile,25-34
user_000765,control,89.45235362311169,2024-02-01 21:00:00,tablet,35-44
user_000766,control,99.47517264254557,2024-02-01 22:00:00,desktop,18-24
user_000767,control,126.56200953453265,2024-02-01 23:00:00,tablet,18-24
user_000768,control,90.5954941331835,2024-02-02 00:00:00,mobile,45+
user_000769,control,127.18672836995393,2024-02-02 01:00:00,desktop,25-34
user_000770,control,110.61627903183214,2024-02-02 02:00:00,tablet,25-34
user_000771,control,91.56299836158598,2024-02-02 03:00:00,tablet,35-44
user_000772,control,109.48611608583282,2024-02-02 04:00:00,tablet,25-34
user_000773,control,114.58831674440094,2024-02-02 05:00:00,desktop,45+
user_000774,control,109.32714943325794,2024-02-02 06:00:00,desktop,45+
user_000775,control,76.44662920164316,2024-02-02 07:00:00,mobile,35-44
user_000776,control,89.09294236262697,2024-02-02 08:00:00,desktop,45+
user_000777,control,96.28722046672743,2024-02-02 09:00:00,desktop,18-24
user_000778,control,98.8834985634993,2024-02-02 10:00:00,tablet,18-24
user_000779,control,109.31008146326018,2024-02-02 11:00:00,desktop,45+
user_000780,control,102.66551501399881,2024-02-02 12:00:00,tablet,35-44
user_000781,control,79.96983461934849,2024-02-02 13:00:00,tablet,25-34
user_000782,control,105.70296776508945,2024-02-02 14:00:00,desktop,35-44
user_000783,control,109.15878617925735,2024-02-02 15:00:00,mobile,25-34
user_000784,control,108.3968567189656,2024-02-02 16:00:00,mobile,45+
user_000785,control,116.21171088331933,2024-02-02 17:00:00,desktop,45+
user_000786,control,112.50883231823356,2024-02-02 18:00:00,mobile,18-24
user_000787,control,106.88770118842655,2024-02-02 19:00:00,tablet,25-34
user_000788,control,98.94751432812029,2024-02-02 20:00:00,tablet,35-44
user_000789,control,75.08558599726013,2024-02-02 21:00:00,desktop,45+
user_000790,control,106.44427328698879,2024-02-02 22:00:00,mobile,35-44
user_000791,control,103.11531530744666,2024-02-02 23:00:00,mobile,18-24
user_000792,control,104.0736825579306,2024-02-03 00:00:00,tablet,25-34
user_000793,control,80.84877136269536,2024-02-03 01:00:00,desktop,25-34
user_000794,control,83.78415189387607,2024-02-03 02:00:00,mobile,45+
user_000795,control,115.79729279999356,2024-02-03 03:00:00,desktop,25-34
user_000796,control,99.40667269215018,2024-02-03 04:00:00,mobile,45+
user_000797,control,110.22251046058936,2024-02-03 05:00:00,tablet,18-24
user_000798,control,100.42477564195691,2024-02-03 06:00:00,tablet,25-34
user_000799,control,100.44634209243618,2024-02-03 07:00:00,desktop,45+
user_000800,control,114.07425708963997,2024-02-03 08:00:00,tablet,35-44
user_000801,control,92.25932907673939,2024-02-03 09:00:00,mobile,45+
user_000802,control,101.44181165411474,2024-02-03 10:00:00,tablet,25-34
user_000803,control,93.06587066942436,2024-02-03 11:00:00,desktop,18-24
user_000804,control,93.48255658851527,2024-02-03 12:00:00,desktop,25-34
user_000805,control,95.3624181479704,2024-02-03 13:00:00,desktop,25-34
user_000806,control,103.3320065745057,2024-02-03 14:00:00,mobile,45+
user_000807,control,92.81877067504784,2024-02-03 15:00:00,mobile,35-44
user_000808,control,118.83634188360281,2024-02-03 16:00:00,mobile,25-34
user_000809,control,86.58089046670744,2024-02-03 17:00:00,mobile,35-44
user_000810,control,97.19692533757961,2024-02-03 18:00:00,mobile,45+
user_000811,control,93.40403412588738,2024-02-03 19:00:00,tablet,35-44
user_000812,control,121.704668265306,2024-02-03 20:00:00,mobile,45+
user_000813,control,102.94832164767362,2024-02-03 21:00:00,mobile,18-24
user_000814,control,115.47766809202952,2024-02-03 22:00:00,tablet,35-44
user_000815,control,77.71659440444542,2024-02-03 23:00:00,mobile,35-44
user_000816,control,104.00575398803889,2024-02-04 00:00:00,desktop,18-24
user_000817,control,113.34446193435156,2024-02-04 01:00:00,mobile,35-44
user_000818,control,101.23425983913137,2024-02-04 02:00:00,mobile,18-24
user_000819,control,115.98220562598027,2024-02-04 03:00:00,desktop,25-34
user_000820,control,92.24067324849442,2024-02-04 04:00:00,desktop,45+
user_000821,control,121.1402116027837,2024-02-04 05:00:00,desktop,18-24
user_000822,control,134.48347185428875,2024-02-04 06:00:00,desktop,35-44
user_000823,control,94.55742159340511,2024-02-04 07:00:00,mobile,18-24
user_000824,control,93.31746217898842,2024-02-04 08:00:00,desktop,35-44
user_000825,control,121.80076715676552,2024-02-04 09:00:00,desktop,25-34
user_000826,control,123.69358218596068,2024-02-04 10:00:00,tablet,18-24
user_000827,control,92.15709959270097,2024-02-04 11:00:00,desktop,25-34
user_000828,control,93.69719774356214,2024-02-04 12:00:00,desktop,45+
user_000829,control,95.7732308670924,2024-02-04 13:00:00,tablet,35-44
user_000830,control,79.83324233448585,2024-02-04 14:00:00,tablet,35-44
user_000831,control,86.22022080273703,2024-02-04 15:00:00,mobile,25-34
user_000832,control,84.93788849871898,2024-02-04 16:00:00,tablet,45+
user_000833,control,88.48303652343807,2024-02-04 17:00:00,mobile,18-24
user_000834,control,99.47972668919829,2024-02-04 18:00:00,tablet,18-24
user_000835,control,103.5132209880478,2024-02-04 19:00:00,tablet,35-44
user_000836,control,123.25750739221115,2024-02-04 20:00:00,mobile,25-34
user_000837,control,85.02468938891813,2024-02-04 21:00:00,tablet,25-34
user_000838,control,114.76483597714875,2024-02-04 22:00:00,mobile,18-24
user_000839,control,96.79016733661737,2024-02-04 23:00:00,tablet,45+
user_000840,control,99.2580443552135,2024-02-05 00:00:00,desktop,45+
user_000841,control,110.12229238249905,2024-02-05 01:00:00,tablet,18-24
user_000842,control,83.15916967656553,2024-02-05 02:00:00,mobile,18-24
user_000843,control,105.73614619276076,2024-02-05 03:00:00,tablet,25-34
user_000844,control,102.49678312319584,2024-02-05 04:00:00,mobile,45+
user_000845,control,107.38676896012224,2024-02-05 05:00:00,mobile,18-24
user_000846,control,104.33752965861727,2024-02-05 06:00:00,desktop,18-24
user_000847,control,136.8295020986634,2024-02-05 07:00:00,desktop,35-44
user_000848,control,90.43390023623026,2024-02-05 08:00:00,mobile,18-24
user_000849,control,92.03504567497274,2024-02-05 09:00:00,tablet,18-24
user_000850,control,90.65289210362853,2024-02-05 10:00:00,mobile,45+
user_000851,control,91.66784321259618,2024-02-05 11:00:00,mobile,25-34
user_000852,control,90.43919309040223,2024-02-05 12:00:00,tablet,45+
user_000853,control,117.83524796661328,2024-02-05 13:00:00,tablet,25-34
user_000854,control,121.30756371984782,2024-02-05 14:00:00,tablet,35-44
user_000855,control,91.43880559375785,2024-02-05 15:00:00,tablet,18-24
user_000856,control,87.51466640343656,2024-02-05 16:00:00,mobile,35-44
user_000857,control,107.07123334579606,2024-02-05 17:00:00,mobile,25-34
user_000858,control,91.71665433578544,2024-02-05 18:00:00,desktop,45+
user_000859,control,109.49397726633266,2024-02-05 19:00:00,mobile,45+
user_000860,control,103.04384531276949,2024-02-05 20:00:00,tablet,35-44
user_000861,control,77.26383827504152,2024-02-05 21:00:00,desktop,25-34
user_000862,control,123.21257801995093,2024-02-05 22:00:00,tablet,35-44
user_000863,control,126.93816509643283,2024-02-05 23:00:00,mobile,35-44
user_000864,control,90.80816964273421,2024-02-06 00:00:00,desktop,18-24
user_000865,control,94.18447660096024,2024-02-06 01:00:00,tablet,35-44
user_000866,control,104.28798086087357,2024-02-06 02:00:00,desktop,18-24
user_000867,control,105.01685184980538,2024-02-06 03:00:00,desktop,18-24
user_000868,control,109.87816409009245,2024-02-06 04:00:00,mobile,45+
user_000869,control,130.15306808149523,2024-02-06 05:00:00,tablet,18-24
user_000870,control,97.34579158758926,2024-02-06 06:00:00,desktop,18-24
user_000871,control,88.0255413319232,2024-02-06 07:00:00,desktop,45+
user_000872,control,79.31021157978209,2024-02-06 08:00:00,tablet,35-44
user_000873,control,89.0360494008712,2024-02-06 09:00:00,desktop,25-34
user_000874,control,99.50309540689304,2024-02-06 10:00:00,desktop,25-34
user_000875,control,126.91836795276681,2024-02-06 11:00:00,desktop,25-34
user_000876,control,92.23583051445743,2024-02-06 12:00:00,tablet,35-44
user_000877,control,103.35681927458347,2024-02-06 13:00:00,tablet,18-24
user_000878,control,99.75365655890872,2024-02-06 14:00:00,tablet,25-34
user_000879,control,117.82589910172126,2024-02-06 15:00:00,tablet,35-44
user_000880,control,137.90398638810433,2024-02-06 16:00:00,mobile,18-24
user_000881,control,92.03696840619519,2024-02-06 17:00:00,desktop,45+
user_000882,control,92.65840836222667,2024-02-06 18:00:00,tablet,25-34
user_000883,control,115.66241315603608,2024-02-06 19:00:00,desktop,18-24
user_000884,control,110.22837234439467,2024-02-06 20:00:00,desktop,25-34
user_000885,control,127.7006098860405,2024-02-06 21:00:00,mobile,25-34
user_000886,control,108.75892277988946,2024-02-06 22:00:00,tablet,25-34
user_000887,control,94.61061863819411,2024-02-06 23:00:00,tablet,18-24
user_000888,control,108.85982246038463,2024-02-07 00:00:00,desktop,35-44
user_000889,control,116.63055370874362,2024-02-07 01:00:00,tablet,18-24
user_000890,control,112.30723271796046,2024-02-07 02:00:00,desktop,25-34
user_000891,control,107.60911046660947,2024-02-07 03:00:00,desktop,18-24
user_000892,control,116.00012034383731,2024-02-07 04:00:00,mobile,45+
user_000893,control,117.5394338566851,2024-02-07 05:00:00,mobile,35-44
user_000894,control,120.7323848655629,2024-02-07 06:00:00,mobile,18-24
user_000895,control,109.73064831384464,2024-02-07 07:00:00,desktop,45+
user_000896,control,97.49322879524719,2024-02-07 08:00:00,tablet,35-44
user_000897,control,102.20070529649985,2024-02-07 09:00:00,mobile,45+
user_000898,control,118.09763449762535,2024-02-07 10:00:00,tablet,35-44
user_000899,control,87.74596493519147,2024-02-07 11:00:00,mobile,18-24
user_000900,control,105.53009963309351,2024-02-07 12:00:00,mobile,45+
user_000901,control,94.09991781508958,2024-02-07 13:00:00,desktop,25-34
user_000902,control,100.43117234402226,2024-02-07 14:00:00,mobile,45+
user_000903,control,119.17677793910948,2024-02-07 15:00:00,mobile,35-44
user_000904,control,102.86648602029855,2024-02-07 16:00:00,desktop,18-24
user_000905,control,100.69654822234223,2024-02-07 17:00:00,tablet,35-44
user_000906,control,79.60215788530121,2024-02-07 18:00:00,mobile,45+
user_000907,control,111.19380349040831,2024-02-07 19:00:00,desktop,45+
user_000908,control,109.68226271711613,2024-02-07 20:00:00,mobile,25-34
user_000909,control,132.44882084958192,2024-02-07 21:00:00,desktop,18-24
user_000910,control,95.38332647570499,2024-02-07 22:00:00,tablet,18-24
user_000911,control,103.28725491495908,2024-02-07 23:00:00,tablet,45+
user_000912,control,103.74075525566133,2024-02-08 00:00:00,desktop,18-24
user_000913,control,123.66179919645211,2024-02-08 01:00:00,desktop,25-34
user_000914,control,98.57056701419572,2024-02-08 02:00:00,desktop,35-44
user_000915,control,104.18532288655508,2024-02-08 03:00:00,tablet,18-24
user_000916,control,109.11844764574809,2024-02-08 04:00:00,mobile,45+
user_000917,control,102.79913684734537,2024-02-08 05:00:00,tablet,35-44
user_000918,control,93.30349578174207,2024-02-08 06:00:00,desktop,35-44
user_000919,control,102.91134989347461,2024-02-08 07:00:00,desktop,25-34
user_000920,control,116.10447624789659,2024-02-08 08:00:00,tablet,45+
user_000921,control,84.6022705088341,2024-02-08 09:00:00,desktop,18-24
user_000922,control,101.99454511220314,2024-02-08 10:00:00,tablet,45+
user_000923,control,89.4981877759124,2024-02-08 11:00:00,desktop,35-44
user_000924,control,117.92569943387264,2024-02-08 12:00:00,mobile,45+
user_000925,control,77.15219642824337,2024-02-08 13:00:00,mobile,18-24
user_000926,control,91.61617229092617,2024-02-08 14:00:00,desktop,18-24
user_000927,control,105.65817812596781,2024-02-08 15:00:00,tablet,25-34
user_000928,control,123.4828604385151,2024-02-08 16:00:00,mobile,18-24
user_000929,control,99.01374608390519,2024-02-08 17:00:00,tablet,18-24
user_000930,control,91.67200709960203,2024-02-08 18:00:00,desktop,45+
user_000931,control,128.21735604160887,2024-02-08 19:00:00,tablet,45+
user_000932,control,78.27979149375633,2024-02-08 20:00:00,mobile,35-44
user_000933,control,67.01791065069878,2024-02-08 21:00:00,tablet,25-34
user_000934,control,106.60021675079999,2024-02-08 22:00:00,tablet,45+
user_000935,control,92.46918663471084,2024-02-08 23:00:00,desktop,18-24
user_000936,control,84.6815077430393,2024-02-09 00:00:00,desktop,35-44
user_000937,control,110.6253467094903,2024-02-09 01:00:00,desktop,45+
user_000938,control,103.65701070656799,2024-02-09 02:00:00,mobile,25-34
user_000939,control,91.53882053894907,2024-02-09 03:00:00,mobile,25-34
user_000940,control,80.79543401993658,2024-02-09 04:00:00,desktop,35-44
user_000941,control,113.08685992420217,2024-02-09 05:00:00,desktop,35-44
user_000942,control,109.75301766937991,2024-02-09 06:00:00,mobile,35-44
user_000943,control,98.51236204330925,2024-02-09 07:00:00,mobile,35-44
user_000944,control,127.69955494071499,2024-02-09 08:00:00,mobile,35-44
user_000945,control,83.94872850510771,2024-02-09 09:00:00,mobile,18-24
user_000946,control,77.11712243612891,2024-02-09 10:00:00,desktop,18-24
user_000947,control,89.62137895178134,2024-02-09 11:00:00,mobile,45+
user_000948,control,99.31620975466754,2024-02-09 12:00:00,desktop,25-34
user_000949,control,103.65009173984038,2024-02-09 13:00:00,tablet,18-24
user_000950,control,96.38145913215506,2024-02-09 14:00:00,tablet,18-24
user_000951,control,105.28083094771445,2024-02-09 15:00:00,mobile,18-24
user_000952,control,81.22690863714334,2024-02-09 16:00:00,tablet,45+
user_000953,control,121.65646906109889,2024-02-09 17:00:00,tablet,35-44
user_000954,control,98.76773232411146,2024-02-09 18:00:00,tablet,45+
user_000955,control,116.75943747382192,2024-02-09 19:00:00,mobile,25-34
user_000956,control,105.14088019566556,2024-02-09 20:00:00,mobile,25-34
user_000957,control,106.85129828730676,2024-02-09 21:00:00,tablet,25-34
user_000958,control,108.54650920348305,2024-02-09 22:00:00,desktop,25-34
user_000959,control,106.71562840025973,2024-02-09 23:00:00,tablet,18-24
user_000960,control,109.64084139801315,2024-02-10 00:00:00,mobile,18-24
user_000961,control,119.93728795198646,2024-02-10 01:00:00,mobile,45+
user_000962,control,102.94781754552206,2024-02-10 02:00:00,mobile,35-44
user_000963,control,110.63505636382769,2024-02-10 03:00:00,tablet,25-34
user_000964,control,98.6539645856916,2024-02-10 04:00:00,desktop,45+
user_000965,control,121.6017582317421,2024-02-10 05:00:00,mobile,18-24
user_000966,control,89.85411546911095,2024-02-10 06:00:00,mobile,18-24
user_000967,control,127.01410649366224,2024-02-10 07:00:00,tablet,35-44
user_000968,control,99.39763074033485,2024-02-10 08:00:00,desktop,35-44
user_000969,control,78.53837346822928,2024-02-10 09:00:00,tablet,35-44
user_000970,control,101.92156622366184,2024-02-10 10:00:00,mobile,45+
user_000971,control,89.78422513787679,2024-02-10 11:00:00,desktop,18-24
user_000972,control,112.60965323483086,2024-02-10 12:00:00,desktop,18-24
user_000973,control,90.21064031046413,2024-02-10 13:00:00,mobile,35-44
user_000974,control,93.3072485017783,2024-02-10 14:00:00,desktop,25-34
user_000975,control,71.65688903581703,2024-02-10 15:00:00,desktop,35-44
user_000976,control,93.21540521126386,2024-02-10 16:00:00,tablet,45+
user_000977,control,63.64181010056565,2024-02-10 17:00:00,mobile,35-44
user_000978,control,76.24145764771416,2024-02-10 18:00:00,mobile,35-44
user_000979,control,111.40621984216446,2024-02-10 19:00:00,mobile,45+
user_000980,control,111.78700237976248,2024-02-10 20:00:00,mobile,35-44
user_000981,control,106.38186342677447,2024-02-10 21:00:00,mobile,18-24
user_000982,control,85.4953578530618,2024-02-10 22:00:00,desktop,25-34
user_000983,control,99.2843296578703,2024-02-10 23:00:00,tablet,35-44
user_000984,control,99.94596191364147,2024-02-11 00:00:00,mobile,45+
user_000985,control,82.62452966211185,2024-02-11 01:00:00,tablet,25-34
user_000986,control,122.55097452650726,2024-02-11 02:00:00,tablet,45+
user_000987,control,113.16043435863507,2024-02-11 03:00:00,desktop,25-34
user_000988,control,96.68553739255503,2024-02-11 04:00:00,mobile,25-34
user_000989,control,100.40328758491796,2024-02-11 05:00:00,desktop,35-44
user_000990,control,103.12574211921329,2024-02-11 06:00:00,mobile,18-24
user_000991,control,69.37397697363565,2024-02-11 07:00:00,desktop,35-44
user_000992,control,96.29233926219105,2024-02-11 08:00:00,tablet,45+
user_000993,control,89.77023628003302,2024-02-11 09:00:00,mobile,45+
user_000994,control,84.97569985157627,2024-02-11 10:00:00,tablet,25-34
user_000995,control,95.78349560671067,2024-02-11 11:00:00,tablet,25-34
user_000996,control,126.96529790274283,2024-02-11 12:00:00,desktop,18-24
user_000997,control,109.61264291900514,2024-02-11 13:00:00,mobile,35-44
user_000998,control,91.43231515325805,2024-02-11 14:00:00,tablet,45+
user_000999,control,108.58874172034238,2024-02-11 15:00:00,desktop,25-34
user_001000,treatment,125.99033154879004,2024-01-01 00:00:00,mobile,45+
user_001001,treatment,118.86950524369153,2024-01-01 01:00:00,desktop,35-44
user_001002,treatment,105.89445554880261,2024-01-01 02:00:00,mobile,45+
user_001003,treatment,95.2959483344164,2024-01-01 03:00:00,mobile,18-24
user_001004,treatment,115.47334970420386,2024-01-01 04:00:00,tablet,35-44
user_001005,treatment,110.90228078132624,2024-01-01 05:00:00,desktop,45+
user_001006,treatment,118.42789830041599,2024-01-01 06:00:00,tablet,18-24
user_001007,treatment,114.52757702522955,2024-01-01 07:00:00,desktop,45+
user_001008,treatment,120.74329072979003,2024-01-01 08:00:00,tablet,25-34
user_001009,treatment,96.97147182659148,2024-01-01 09:00:00,desktop,18-24
user_001010,treatment,124.76091098451488,2024-01-01 10:00:00,tablet,18-24
user_001011,treatment,107.963994070386,2024-01-01 11:00:00,mobile,18-24
user_001012,treatment,136.12891308937898,2024-01-01 12:00:00,desktop,35-44
user_001013,treatment,94.66218272865649,2024-01-01 13:00:00,desktop,35-44
user_001014,treatment,131.03945704747875,2024-01-01 14:00:00,mobile,35-44
user_001015,treatment,107.96866175193972,2024-01-01 15:00:00,tablet,25-34
user_001016,treatment,95.22872994578327,2024-01-01 16:00:00,desktop,25-34
user_001017,treatment,97.74171248918518,2024-01-01 17:00:00,desktop,18-24
user_001018,treatment,100.1947903770852,2024-01-01 18:00:00,tablet,25-34
user_001019,treatment,111.36248919602875,2024-01-01 19:00:00,mobile,45+
user_001020,treatment,112.8425323205325,2024-01-01 20:00:00,tablet,18-24
user_001021,treatment,96.39449994092132,2024-01-01 21:00:00,tablet,18-24
user_001022,treatment,104.63468111608526,2024-01-01 22:00:00,tablet,45+
user_001023,treatment,137.13405537917794,2024-01-01 23:00:00,desktop,18-24
user_001024,treatment,130.91314755151066,2024-01-02 00:00:00,mobile,25-34
user_001025,treatment,111.54485504511048,2024-01-02 01:00:00,mobile,35-44
user_001026,treatment,105.570052172523,2024-01-02 02:00:00,tablet,45+
user_001027,treatment,106.80046990077392,2024-01-02 03:00:00,desktop,25-34
user_001028,treatment,114.20276959095625,2024-01-02 04:00:00,tablet,45+
user_001029,treatment,89.65811152202392,2024-01-02 05:00:00,desktop,45+
user_001030,treatment,101.13935193864982,2024-01-02 06:00:00,desktop,18-24
user_001031,treatment,79.97123889183615,2024-01-02 07:00:00,desktop,18-24
user_001032,treatment,110.98834683907918,2024-01-02 08:00:00,desktop,25-34
user_001033,treatment,114.70793909554112,2024-01-02 09:00:00,mobile,45+
user_001034,treatment,97.75220306550939,2024-01-02 10:00:00,desktop,18-24
user_001035,treatment,128.6098014493505,2024-01-02 11:00:00,desktop,18-24
user_001036,treatment,86.61351505496488,2024-01-02 12:00:00,tablet,45+
user_001037,treatment,83.0343767968527,2024-01-02 13:00:00,tablet,25-34
user_001038,treatment,108.36677727839958,2024-01-02 14:00:00,mobile,25-34
user_001039,treatment,120.70647453918232,2024-01-02 15:00:00,tablet,45+
user_001040,treatment,130.25891537186803,2024-01-02 16:00:00,desktop,25-34
user_001041,treatment,98.1167360569659,2024-01-02 17:00:00,tablet,18-24
user_001042,treatment,121.18021250146944,2024-01-02 18:00:00,mobile,45+
user_001043,treatment,104.42237295748939,2024-01-02 19:00:00,tablet,18-24
user_001044,treatment,102.41059050088771,2024-01-02 20:00:00,tablet,35-44
user_001045,treatment,118.25489906230008,2024-01-02 21:00:00,mobile,35-44
user_001046,treatment,114.78484317620129,2024-01-02 22:00:00,mobile,25-34
user_001047,treatment,81.35411764523626,2024-01-02 23:00:00,desktop,35-44
user_001048,treatment,127.14810524588844,2024-01-03 00:00:00,tablet,18-24
user_001049,treatment,125.70137031221176,2024-01-03 01:00:00,desktop,35-44
user_001050,treatment,95.61655947735706,2024-01-03 02:00:00,tablet,18-24
user_001051,treatment,110.93705300156114,2024-01-03 03:00:00,tablet,25-34
user_001052,treatment,112.41045279424108,2024-01-03 04:00:00,desktop,25-34
user_001053,treatment,108.9101064873586,2024-01-03 05:00:00,tablet,18-24
user_001054,treatment,96.7454226923187,2024-01-03 06:00:00,tablet,35-44
user_001055,treatment,94.92564948092922,2024-01-03 07:00:00,tablet,25-34
user_001056,treatment,104.61668893512832,2024-01-03 08:00:00,mobile,45+
user_001057,treatment,122.59093528889048,2024-01-03 09:00:00,desktop,25-34
user_001058,treatment,113.15400231891648,2024-01-03 10:00:00,mobile,35-44
user_001059,treatment,99.44078501870841,2024-01-03 11:00:00,desktop,45+
user_001060,treatment,116.57548065972517,2024-01-03 12:00:00,desktop,35-44
user_001061,treatment,62.27186069054887,2024-01-03 13:00:00,tablet,18-24
user_001062,treatment,122.23148550558156,2024-01-03 14:00:00,desktop,45+
user_001063,treatment,78.90429331832851,2024-01-03 15:00:00,mobile,35-44
user_001064,treatment,99.56338587895301,2024-01-03 16:00:00,mobile,45+
user_001065,treatment,88.20495158060784,2024-01-03 17:00:00,mobile,35-44
user_001066,treatment,85.57977786418641,2024-01-03 18:00:00,desktop,45+
user_001067,treatment,122.41240181067779,2024-01-03 19:00:00,mobile,35-44
user_001068,treatment,97.98448198032163,2024-01-03 20:00:00,desktop,18-24
user_001069,treatment,110.19755822596073,2024-01-03 21:00:00,mobile,45+
user_001070,treatment,104.29619131681224,2024-01-03 22:00:00,mobile,45+
user_001071,treatment,112.15561240834683,2024-01-03 23:00:00,desktop,45+
user_001072,treatment,106.15232836590383,2024-01-04 00:00:00,mobile,45+
user_001073,treatment,85.75511663717145,2024-01-04 01:00:00,tablet,18-24
user_001074,treatment,119.94400229170711,2024-01-04 02:00:00,desktop,45+
user_001075,treatment,97.59365125258032,2024-01-04 03:00:00,desktop,25-34
user_001076,treatment,81.65127152010373,2024-01-04 04:00:00,desktop,18-24
user_001077,treatment,98.57827258551131,2024-01-04 05:00:00,tablet,25-34
user_001078,treatment,127.51139685951466,2024-01-04 06:00:00,desktop,45+
user_001079,treatment,117.7533261317024,2024-01-04 07:00:00,mobile,35-44
user_001080,treatment,99.7702179838821,2024-01-04 08:00:00,mobile,25-34
user_001081,treatment,99.76113443522357,2024-01-04 09:00:00,mobile,45+
user_001082,treatment,100.17547423173926,2024-01-04 10:00:00,desktop,25-34
user_001083,treatment,136.15121975341262,2024-01-04 11:00:00,mobile,45+
user_001084,treatment,110.7290317834733,2024-01-04 12:00:00,desktop,45+
user_001085,treatment,111.45062470786604,2024-01-04 13:00:00,mobile,45+
user_001086,treatment,120.45425181047763,2024-01-04 14:00:00,tablet,35-44
user_001087,treatment,108.5818373853977,2024-01-04 15:00:00,tablet,25-34
user_001088,treatment,101.11436781268945,2024-01-04 16:00:00,tablet,18-24
user_001089,treatment,102.05475226372532,2024-01-04 17:00:00,tablet,18-24
user_001090,treatment,103.92598110878905,2024-01-04 18:00:00,desktop,18-24
user_001091,treatment,104.44166645235238,2024-01-04 19:00:00,mobile,18-24
user_001092,treatment,115.9144431545547,2024-01-04 20:00:00,tablet,45+
user_001093,treatment,105.77918828710949,2024-01-04 21:00:00,desktop,25-34
user_001094,treatment,115.98960115823368,2024-01-04 22:00:00,tablet,25-34
user_001095,treatment,103.78925129837127,2024-01-04 23:00:00,tablet,35-44
user_001096,treatment,106.17952785474137,2024-01-05 00:00:00,desktop,25-34
user_001097,treatment,75.0269897320184,2024-01-05 01:00:00,desktop,25-34
user_001098,treatment,118.74491512053723,2024-01-05 02:00:00,mobile,25-34
user_001099,treatment,110.19732713846989,2024-01-05 03:00:00,mobile,35-44
user_001100,treatment,119.97015164789478,2024-01-05 04:00:00,tablet,18-24
user_001101,treatment,61.55616932709466,2024-01-05 05:00:00,tablet,25-34
user_001102,treatment,136.3256205717109,2024-01-05 06:00:00,mobile,35-44
user_001103,treatment,102.9061555776724,2024-01-05 07:00:00,mobile,35-44
user_001104,treatment,121.62274225106275,2024-01-05 08:00:00,desktop,45+
user_001105,treatment,89.40141109311703,2024-01-05 09:00:00,mobile,35-44
user_001106,treatment,114.19160857593855,2024-01-05 10:00:00,mobile,18-24
user_001107,treatment,89.19876655239516,2024-01-05 11:00:00,tablet,25-34
user_001108,treatment,95.64346558956292,2024-01-05 12:00:00,mobile,35-44
user_001109,treatment,133.7104703080018,2024-01-05 13:00:00,tablet,18-24
user_001110,treatment,102.1397639885498,2024-01-05 14:00:00,mobile,35-44
user_001111,treatment,108.26149309769585,2024-01-05 15:00:00,desktop,35-44
user_001112,treatment,118.05101596033131,2024-01-05 16:00:00,mobile,35-44
user_001113,treatment,112.43522831958907,2024-01-05 17:00:00,mobile,35-44
user_001114,treatment,107.25628357715365,2024-01-05 18:00:00,mobile,35-44
user_001115,treatment,110.47441503699338,2024-01-05 19:00:00,tablet,18-24
user_001116,treatment,141.05123377857413,2024-01-05 20:00:00,desktop,25-34
user_001117,treatment,104.13571804449622,2024-01-05 21:00:00,mobile,25-34
user_001118,treatment,108.01648570072452,2024-01-05 22:00:00,tablet,25-34
user_001119,treatment,120.75981594011418,2024-01-05 23:00:00,desktop,25-34
user_001120,treatment,121.58288899436975,2024-01-06 00:00:00,tablet,18-24
user_001121,treatment,122.8054545834057,2024-01-06 01:00:00,tablet,45+
user_001122,treatment,114.58095333043777,2024-01-06 02:00:00,desktop,45+
user_001123,treatment,87.85492630904275,2024-01-06 03:00:00,mobile,18-24
user_001124,treatment,129.50147298451645,2024-01-06 04:00:00,tablet,18-24
user_001125,treatment,87.80481910471968,2024-01-06 05:00:00,tablet,35-44
user_001126,treatment,109.5395319785855,2024-01-06 06:00:00,mobile,35-44
user_001127,treatment,93.68586224970963,2024-01-06 07:00:00,mobile,35-44
user_001128,treatment,104.0379248011051,2024-01-06 08:00:00,desktop,25-34
user_001129,treatment,109.9314361545522,2024-01-06 09:00:00,desktop,35-44
user_001130,treatment,109.8203582317541,2024-01-06 10:00:00,desktop,45+
user_001131,treatment,111.32881131352927,2024-01-06 11:00:00,mobile,25-34
user_001132,treatment,129.2056690358797,2024-01-06 12:00:00,tablet,35-44
user_001133,treatment,111.8030145227097,2024-01-06 13:00:00,tablet,25-34
user_001134,treatment,101.33765047064027,2024-01-06 14:00:00,desktop,45+
user_001135,treatment,119.46130752432536,2024-01-06 15:00:00,mobile,35-44
user_001136,treatment,122.8420573338696,2024-01-06 16:00:00,tablet,45+
user_001137,treatment,86.58588277294511,2024-01-06 17:00:00,desktop,45+
user_001138,treatment,113.96100104774787,2024-01-06 18:00:00,tablet,45+
user_001139,treatment,115.51759113466348,2024-01-06 19:00:00,tablet,35-44
user_001140,treatment,100.53654744960012,2024-01-06 20:00:00,mobile,18-24
user_001141,treatment,125.6356021996743,2024-01-06 21:00:00,mobile,35-44
user_001142,treatment,102.7491661945121,2024-01-06 22:00:00,tablet,45+
user_001143,treatment,106.88364680207313,2024-01-06 23:00:00,desktop,35-44
user_001144,treatment,102.40392263574195,2024-01-07 00:00:00,mobile,45+
user_001145,treatment,105.23368571372201,2024-01-07 01:00:00,tablet,18-24
user_001146,treatment,88.55587369657198,2024-01-07 02:00:00,mobile,25-34
user_001147,treatment,83.39923676108559,2024-01-07 03:00:00,mobile,18-24
user_001148,treatment,128.91757594837458,2024-01-07 04:00:00,mobile,18-24
user_001149,treatment,92.29557977522508,2024-01-07 05:00:00,tablet,25-34
user_001150,treatment,90.1291147581554,2024-01-07 06:00:00,desktop,35-44
user_001151,treatment,72.69914829594427,2024-01-07 07:00:00,desktop,25-34
user_001152,treatment,95.41557378465747,2024-01-07 08:00:00,desktop,35-44
user_001153,treatment,85.15365309888753,2024-01-07 09:00:00,mobile,35-44
user_001154,treatment,129.63022740204553,2024-01-07 10:00:00,tablet,45+
user_001155,treatment,120.1472563401395,2024-01-07 11:00:00,mobile,45+
user_001156,treatment,94.67774482233415,2024-01-07 12:00:00,desktop,25-34
user_001157,treatment,138.78653708016463,2024-01-07 13:00:00,desktop,18-24
user_001158,treatment,119.72648230487391,2024-01-07 14:00:00,tablet,25-34
user_001159,treatment,100.12752924737066,2024-01-07 15:00:00,mobile,35-44
user_001160,treatment,67.5089142768964,2024-01-07 16:00:00,desktop,45+
user_001161,treatment,139.36413858886112,2024-01-07 17:00:00,tablet,25-34
user_001162,treatment,84.15641299854606,2024-01-07 18:00:00,mobile,25-34
user_001163,treatment,80.31901879564663,2024-01-07 19:00:00,mobile,45+
user_001164,treatment,120.3385564801446,2024-01-07 20:00:00,desktop,45+
user_001165,treatment,141.59628609508908,2024-01-07 21:00:00,desktop,45+
user_001166,treatment,125.76409227765777,2024-01-07 22:00:00,mobile,35-44
user_001167,treatment,113.4586368007854,2024-01-07 23:00:00,mobile,45+
user_001168,treatment,113.92131512497929,2024-01-08 00:00:00,desktop,18-24
user_001169,treatment,117.80123338170462,2024-01-08 01:00:00,mobile,25-34
user_001170,treatment,116.38392884680148,2024-01-08 02:00:00,desktop,45+
user_001171,treatment,109.21787135954064,2024-01-08 03:00:00,mobile,45+
user_001172,treatment,106.56301655927814,2024-01-08 04:00:00,desktop,35-44
user_001173,treatment,104.06110308150717,2024-01-08 05:00:00,tablet,35-44
user_001174,treatment,93.69053116699986,2024-01-08 06:00:00,desktop,25-34
user_001175,treatment,100.78987384699839,2024-01-08 07:00:00,desktop,18-24
user_001176,treatment,79.60564778706922,2024-01-08 08:00:00,tablet,25-34
user_001177,treatment,103.52490559807875,2024-01-08 09:00:00,mobile,45+
user_001178,treatment,90.17113339273624,2024-01-08 10:00:00,tablet,18-24
user_001179,treatment,88.44616024176344,2024-01-08 11:00:00,desktop,18-24
user_001180,treatment,107.69841226730217,2024-01-08 12:00:00,mobile,18-24
user_001181,treatment,125.880034295169,2024-01-08 13:00:00,tablet,18-24
user_001182,treatment,118.7747490900347,2024-01-08 14:00:00,mobile,25-34
user_001183,treatment,81.44249094565234,2024-01-08 15:00:00,mobile,35-44
user_001184,treatment,90.15557795144494,2024-01-08 16:00:00,tablet,35-44
user_001185,treatment,119.11156781982324,2024-01-08 17:00:00,mobile,45+
user_001186,treatment,90.26268909692536,2024-01-08 18:00:00,tablet,35-44
user_001187,treatment,101.63050275004463,2024-01-08 19:00:00,desktop,35-44
user_001188,treatment,113.25078148536828,2024-01-08 20:00:00,mobile,35-44
user_001189,treatment,90.47483317704547,2024-01-08 21:00:00,desktop,35-44
user_001190,treatment,106.5806325921894,2024-01-08 22:00:00,desktop,45+
user_001191,treatment,84.98961757622693,2024-01-08 23:00:00,mobile,25-34
user_001192,treatment,95.9794853407318,2024-01-09 00:00:00,tablet,18-24
user_001193,treatment,109.79672901213806,2024-01-09 01:00:00,mobile,35-44
user_001194,treatment,81.10509399702497,2024-01-09 02:00:00,desktop,25-34
user_001195,treatment,111.60712106940599,2024-01-09 03:00:00,desktop,35-44
user_001196,treatment,104.70543301609978,2024-01-09 04:00:00,tablet,35-44
user_001197,treatment,113.28734931625722,2024-01-09 05:00:00,mobile,18-24
user_001198,treatment,108.35871201096992,2024-01-09 06:00:00,desktop,18-24
user_001199,treatment,125.46210644960766,2024-01-09 07:00:00,desktop,18-24
user_001200,treatment,106.87836753971861,2024-01-09 08:00:00,desktop,35-44
user_001201,treatment,98.5589168831212,2024-01-09 09:00:00,tablet,35-44
user_001202,treatment,106.83446254548426,2024-01-09 10:00:00,desktop,35-44
user_001203,treatment,113.14947043554582,2024-01-09 11:00:00,desktop,18-24
user_001204,treatment,105.73290105488556,2024-01-09 12:00:00,mobile,45+
user_001205,treatment,105.60887536805824,2024-01-09 13:00:00,mobile,25-34
user_001206,treatment,94.47012468289867,2024-01-09 14:00:00,desktop,45+
user_001207,treatment,95.05648623673578,2024-01-09 15:00:00,desktop,35-44
user_001208,treatment,83.9609209230046,2024-01-09 16:00:00,mobile,35-44
user_001209,treatment,131.2436511478041,2024-01-09 17:00:00,tablet,45+
user_001210,treatment,86.34205146913072,2024-01-09 18:00:00,tablet,35-44
user_001211,treatment,94.60642203306139,2024-01-09 19:00:00,tablet,25-34
user_001212,treatment,94.22389101646203,2024-01-09 20:00:00,tablet,35-44
user_001213,treatment,118.42386565416662,2024-01-09 21:00:00,tablet,25-34
user_001214,treatment,100.57575482561958,2024-01-09 22:00:00,tablet,45+
user_001215,treatment,123.716131090106,2024-01-09 23:00:00,tablet,45+
user_001216,treatment,94.89764063634198,2024-01-10 00:00:00,tablet,35-44
user_001217,treatment,109.18491243335703,2024-01-10 01:00:00,mobile,25-34
user_001218,treatment,92.46979420110364,2024-01-10 02:00:00,tablet,35-44
user_001219,treatment,137.17723691660083,2024-01-10 03:00:00,tablet,18-24
user_001220,treatment,87.18602371455731,2024-01-10 04:00:00,tablet,18-24
user_001221,treatment,109.64731065340541,2024-01-10 05:00:00,desktop,18-24
user_001222,treatment,114.50665321398148,2024-01-10 06:00:00,mobile,18-24
user_001223,treatment,111.20698646177247,2024-01-10 07:00:00,mobile,35-44
user_001224,treatment,102.22068511683437,2024-01-10 08:00:00,mobile,18-24
user_001225,treatment,103.05268950399861,2024-01-10 09:00:00,tablet,25-34
user_001226,treatment,105.65717207968665,2024-01-10 10:00:00,tablet,45+
user_001227,treatment,102.79496997557267,2024-01-10 11:00:00,desktop,45+
user_001228,treatment,119.45818675192365,2024-01-10 12:00:00,mobile,18-24
user_001229,treatment,138.15784502387027,2024-01-10 13:00:00,tablet,18-24
user_001230,treatment,96.6376232248825,2024-01-10 14:00:00,mobile,18-24
user_001231,treatment,84.45295530631384,2024-01-10 15:00:00,desktop,35-44
user_001232,treatment,103.67576927473118,2024-01-10 16:00:00,desktop,45+
user_001233,treatment,143.69564006481477,2024-01-10 17:00:00,desktop,18-24
user_001234,treatment,92.94488148045404,2024-01-10 18:00:00,mobile,25-34
user_001235,treatment,129.58675208166102,2024-01-10 19:00:00,tablet,18-24
user_001236,treatment,130.16551221114662,2024-01-10 20:00:00,tablet,45+
user_001237,treatment,96.69617637438009,2024-01-10 21:00:00,desktop,18-24
user_001238,treatment,113.53474618777913,2024-01-10 22:00:00,tablet,45+
user_001239,treatment,129.42594934692806,2024-01-10 23:00:00,desktop,18-24
user_001240,treatment,99.3130838851877,2024-01-11 00:00:00,mobile,25-34
user_001241,treatment,101.94629459846458,2024-01-11 01:00:00,desktop,18-24
user_001242,treatment,96.27478629077035,2024-01-11 02:00:00,mobile,25-34
user_001243,treatment,89.77864903960699,2024-01-11 03:00:00,desktop,25-34
user_001244,treatment,95.26083682400989,2024-01-11 04:00:00,tablet,18-24
user_001245,treatment,86.64089599856615,2024-01-11 05:00:00,tablet,25-34
user_001246,treatment,105.51125202388839,2024-01-11 06:00:00,desktop,35-44
user_001247,treatment,93.45040153412037,2024-01-11 07:00:00,tablet,18-24
user_001248,treatment,108.50678867686122,2024-01-11 08:00:00,tablet,18-24
user_001249,treatment,81.66156530694559,2024-01-11 09:00:00,tablet,25-34
user_001250,treatment,109.96320348321686,2024-01-11 10:00:00,mobile,25-34
user_001251,treatment,117.50293442413387,2024-01-11 11:00:00,tablet,18-24
user_001252,treatment,75.09396536142816,2024-01-11 12:00:00,mobile,35-44
user_001253,treatment,110.61084854771359,2024-01-11 13:00:00,desktop,25-34
user_001254,treatment,123.41503488709938,2024-01-11 14:00:00,tablet,25-34
user_001255,treatment,86.85538471963191,2024-01-11 15:00:00,tablet,45+
user_001256,treatment,130.08858580256555,2024-01-11 16:00:00,tablet,35-44
user_001257,treatment,111.28528514049067,2024-01-11 17:00:00,desktop,35-44
user_001258,treatment,94.42482216362387,2024-01-11 18:00:00,mobile,18-24
user_001259,treatment,104.16346383513441,2024-01-11 19:00:00,mobile,35-44
user_001260,treatment,113.37490368782584,2024-01-11 20:00:00,tablet,18-24
user_001261,treatment,106.14008087118617,2024-01-11 21:00:00,desktop,45+
user_001262,treatment,113.08133988669553,2024-01-11 22:00:00,desktop,35-44
user_001263,treatment,91.1898961038095,2024-01-11 23:00:00,desktop,25-34
user_001264,treatment,107.54041236054117,2024-01-12 00:00:00,desktop,45+
user_001265,treatment,83.7942825464253,2024-01-12 01:00:00,desktop,18-24
user_001266,treatment,103.33160907976949,2024-01-12 02:00:00,mobile,45+
user_001267,treatment,91.44138537802816,2024-01-12 03:00:00,mobile,18-24
user_001268,treatment,93.9670508611535,2024-01-12 04:00:00,mobile,45+
user_001269,treatment,123.54139762815656,2024-01-12 05:00:00,tablet,18-24
user_001270,treatment,121.36965180891403,2024-01-12 06:00:00,desktop,35-44
user_001271,treatment,114.13707181360766,2024-01-12 07:00:00,tablet,25-34
user_001272,treatment,88.61530852991132,2024-01-12 08:00:00,desktop,18-24
user_001273,treatment,100.25387325457797,2024-01-12 09:00:00,mobile,45+
user_001274,treatment,123.19646549968775,2024-01-12 10:00:00,tablet,18-24
user_001275,treatment,107.12575370459857,2024-01-12 11:00:00,mobile,18-24
user_001276,treatment,139.7899430997254,2024-01-12 12:00:00,desktop,18-24
user_001277,treatment,110.89976759091557,2024-01-12 13:00:00,desktop,45+
user_001278,treatment,107.88073674735047,2024-01-12 14:00:00,desktop,25-34
user_001279,treatment,100.36325303696248,2024-01-12 15:00:00,mobile,35-44
user_001280,treatment,107.00311357173423,2024-01-12 16:00:00,desktop,25-34
user_001281,treatment,102.71295245429184,2024-01-12 17:00:00,mobile,18-24
user_001282,treatment,115.62163015032885,2024-01-12 18:00:00,tablet,45+
user_001283,treatment,119.35053475191876,2024-01-12 19:00:00,desktop,25-34
user_001284,treatment,93.21015809238075,2024-01-12 20:00:00,desktop,18-24
user_001285,treatment,85.03150569663333,2024-01-12 21:00:00,desktop,35-44
user_001286,treatment,77.45691940345056,2024-01-12 22:00:00,tablet,35-44
user_001287,treatment,112.61986990368815,2024-01-12 23:00:00,desktop,35-44
user_001288,treatment,88.4495009073919,2024-01-13 00:00:00,mobile,18-24
user_001289,treatment,72.70664110571275,2024-01-13 01:00:00,mobile,45+
user_001290,treatment,110.82867906796446,2024-01-13 02:00:00,desktop,25-34
user_001291,treatment,142.39499276149186,2024-01-13 03:00:00,desktop,35-44
user_001292,treatment,104.9089363269016,2024-01-13 04:00:00,tablet,18-24
user_001293,treatment,117.57736161677462,2024-01-13 05:00:00,tablet,18-24
user_001294,treatment,106.22744037821347,2024-01-13 06:00:00,tablet,25-34
user_001295,treatment,103.51665520213287,2024-01-13 07:00:00,desktop,35-44
user_001296,treatment,118.78614724481653,2024-01-13 08:00:00,tablet,18-24
user_001297,treatment,100.64588183717024,2024-01-13 09:00:00,tablet,25-34
user_001298,treatment,109.01088471107855,2024-01-13 10:00:00,mobile,45+
user_001299,treatment,109.8254670929402,2024-01-13 11:00:00,tablet,45+
user_001300,treatment,94.97864319535427,2024-01-13 12:00:00,mobile,45+
user_001301,treatment,119.88063524304785,2024-01-13 13:00:00,mobile,35-44
user_001302,treatment,102.37560364956887,2024-01-13 14:00:00,tablet,25-34
user_001303,treatment,93.66382260760733,2024-01-13 15:00:00,mobile,25-34
user_001304,treatment,113.04764765355606,2024-01-13 16:00:00,desktop,18-24
user_001305,treatment,91.52298027313444,2024-01-13 17:00:00,desktop,18-24
user_001306,treatment,105.42271736053692,2024-01-13 18:00:00,tablet,18-24
user_001307,treatment,104.86321505033695,2024-01-13 19:00:00,desktop,25-34
user_001308,treatment,121.28843348747367,2024-01-13 20:00:00,mobile,18-24
user_001309,treatment,112.12047349319928,2024-01-13 21:00:00,desktop,25-34
user_001310,treatment,104.62459561882284,2024-01-13 22:00:00,tablet,25-34
user_001311,treatment,117.26649448800431,2024-01-13 23:00:00,tablet,45+
user_001312,treatment,125.8531132352597,2024-01-14 00:00:00,mobile,18-24
user_001313,treatment,113.36715459527794,2024-01-14 01:00:00,tablet,45+
user_001314,treatment,105.15528929765071,2024-01-14 02:00:00,desktop,35-44
user_001315,treatment,85.32245651474761,2024-01-14 03:00:00,tablet,35-44
user_001316,treatment,89.02329505386942,2024-01-14 04:00:00,mobile,35-44
user_001317,treatment,100.42162943467999,2024-01-14 05:00:00,tablet,25-34
user_001318,treatment,95.85731696761076,2024-01-14 06:00:00,desktop,25-34
user_001319,treatment,102.19543045521831,2024-01-14 07:00:00,mobile,25-34
user_001320,treatment,105.8497488734566,2024-01-14 08:00:00,desktop,18-24
user_001321,treatment,112.94539131535096,2024-01-14 09:00:00,mobile,45+
user_001322,treatment,103.94251832911362,2024-01-14 10:00:00,tablet,25-34
user_001323,treatment,112.29752465739303,2024-01-14 11:00:00,mobile,45+
user_001324,treatment,105.9671162221518,2024-01-14 12:00:00,mobile,45+
user_001325,treatment,75.36800150469193,2024-01-14 13:00:00,tablet,45+
user_001326,treatment,90.90996909271868,2024-01-14 14:00:00,desktop,18-24
user_001327,treatment,102.83868666417577,2024-01-14 15:00:00,tablet,18-24
user_001328,treatment,86.85457885738339,2024-01-14 16:00:00,mobile,35-44
user_001329,treatment,113.99893094994307,2024-01-14 17:00:00,tablet,35-44
user_001330,treatment,127.96126248515546,2024-01-14 18:00:00,mobile,45+
user_001331,treatment,123.28142777545975,2024-01-14 19:00:00,tablet,35-44
user_001332,treatment,101.79835693604689,2024-01-14 20:00:00,tablet,45+
user_001333,treatment,127.36089205274928,2024-01-14 21:00:00,desktop,18-24
user_001334,treatment,107.23001185803167,2024-01-14 22:00:00,mobile,18-24
user_001335,treatment,99.94371043322941,2024-01-14 23:00:00,desktop,18-24
user_001336,treatment,95.79896004688591,2024-01-15 00:00:00,mobile,25-34
user_001337,treatment,100.46295470267808,2024-01-15 01:00:00,tablet,45+
user_001338,treatment,99.17734772188157,2024-01-15 02:00:00,mobile,18-24
user_001339,treatment,107.55624333563232,2024-01-15 03:00:00,desktop,45+
user_001340,treatment,107.40860971574797,2024-01-15 04:00:00,desktop,35-44
user_001341,treatment,105.04569030230121,2024-01-15 05:00:00,desktop,35-44
user_001342,treatment,111.55407254619524,2024-01-15 06:00:00,mobile,18-24
user_001343,treatment,122.85969412179512,2024-01-15 07:00:00,desktop,45+
user_001344,treatment,119.24331203161985,2024-01-15 08:00:00,desktop,18-24
user_001345,treatment,82.72653047325144,2024-01-15 09:00:00,desktop,35-44
user_001346,treatment,66.69118297647069,2024-01-15 10:00:00,tablet,18-24
user_001347,treatment,119.01479866858911,2024-01-15 11:00:00,tablet,45+
user_001348,treatment,84.49681952376868,2024-01-15 12:00:00,mobile,35-44
user_001349,treatment,101.62851897160975,2024-01-15 13:00:00,mobile,25-34
user_001350,treatment,87.44830460910961,2024-01-15 14:00:00,desktop,35-44
user_001351,treatment,77.9702934362997,2024-01-15 15:00:00,tablet,25-34
user_001352,treatment,113.12194092307182,2024-01-15 16:00:00,desktop,18-24
user_001353,treatment,116.3873274045397,2024-01-15 17:00:00,desktop,18-24
user_001354,treatment,96.35234398909921,2024-01-15 18:00:00,tablet,45+
user_001355,treatment,66.13436561782635,2024-01-15 19:00:00,tablet,25-34
user_001356,treatment,96.80633327621275,2024-01-15 20:00:00,tablet,18-24
user_001357,treatment,110.8770600810382,2024-01-15 21:00:00,mobile,25-34
user_001358,treatment,82.81632646838807,2024-01-15 22:00:00,mobile,18-24
user_001359,treatment,107.75039879668734,2024-01-15 23:00:00,desktop,35-44
user_001360,treatment,104.77035226240507,2024-01-16 00:00:00,mobile,18-24
user_001361,treatment,113.68937249401633,2024-01-16 01:00:00,tablet,45+
user_001362,treatment,106.79370552621229,2024-01-16 02:00:00,tablet,35-44
user_001363,treatment,90.40396588677666,2024-01-16 03:00:00,mobile,45+
user_001364,treatment,122.94857252496737,2024-01-16 04:00:00,desktop,35-44
user_001365,treatment,102.62205640459545,2024-01-16 05:00:00,desktop,25-34
user_001366,treatment,104.59043190735102,2024-01-16 06:00:00,mobile,45+
user_001367,treatment,91.00098061390206,2024-01-16 07:00:00,desktop,18-24
user_001368,treatment,98.35076623212734,2024-01-16 08:00:00,desktop,25-34
user_001369,treatment,91.72795928959648,2024-01-16 09:00:00,desktop,18-24
user_001370,treatment,102.40580910114866,2024-01-16 10:00:00,tablet,35-44
user_001371,treatment,130.67562720213516,2024-01-16 11:00:00,tablet,35-44
user_001372,treatment,84.42148285602966,2024-01-16 12:00:00,mobile,18-24
user_001373,treatment,80.79657903184888,2024-01-16 13:00:00,tablet,18-24
user_001374,treatment,127.06755491240412,2024-01-16 14:00:00,desktop,25-34
user_001375,treatment,101.86014484272201,2024-01-16 15:00:00,tablet,18-24
user_001376,treatment,94.96390892010125,2024-01-16 16:00:00,mobile,45+
user_001377,treatment,120.59857031094114,2024-01-16 17:00:00,tablet,45+
user_001378,treatment,95.91576690394703,2024-01-16 18:00:00,desktop,18-24
user_001379,treatment,132.39014570320404,2024-01-16 19:00:00,desktop,45+
user_001380,treatment,115.16888807008904,2024-01-16 20:00:00,mobile,18-24
user_001381,treatment,97.68132887781447,2024-01-16 21:00:00,tablet,25-34
user_001382,treatment,137.35962319898255,2024-01-16 22:00:00,tablet,45+
user_001383,treatment,95.91427615494993,2024-01-16 23:00:00,tablet,45+
user_001384,treatment,116.13143058013961,2024-01-17 00:00:00,desktop,18-24
user_001385,treatment,109.48938870609737,2024-01-17 01:00:00,mobile,45+
user_001386,treatment,124.52611934098198,2024-01-17 02:00:00,tablet,35-44
user_001387,treatment,128.4226679509028,2024-01-17 03:00:00,desktop,25-34
user_001388,treatment,105.4800622359865,2024-01-17 04:00:00,desktop,25-34
user_001389,treatment,93.69873194480725,2024-01-17 05:00:00,desktop,45+
user_001390,treatment,111.89958214408675,2024-01-17 06:00:00,tablet,45+
user_001391,treatment,94.8342694537184,2024-01-17 07:00:00,tablet,35-44
user_001392,treatment,135.20080871289935,2024-01-17 08:00:00,tablet,35-44
user_001393,treatment,107.04802996624106,2024-01-17 09:00:00,tablet,45+
user_001394,treatment,99.52017673031837,2024-01-17 10:00:00,tablet,45+
user_001395,treatment,107.77020458797362,2024-01-17 11:00:00,tablet,35-44
user_001396,treatment,84.79310565705455,2024-01-17 12:00:00,tablet,18-24
user_001397,treatment,90.42578942234023,2024-01-17 13:00:00,tablet,35-44
user_001398,treatment,123.00620861916639,2024-01-17 14:00:00,tablet,18-24
user_001399,treatment,95.14658581542906,2024-01-17 15:00:00,desktop,25-34
user_001400,treatment,89.2963352597709,2024-01-17 16:00:00,tablet,25-34
user_001401,treatment,113.04979128790929,2024-01-17 17:00:00,mobile,35-44
user_001402,treatment,122.78556231994496,2024-01-17 18:00:00,desktop,18-24
user_001403,treatment,115.784299659976,2024-01-17 19:00:00,tablet,35-44
user_001404,treatment,119.94071528708724,2024-01-17 20:00:00,mobile,35-44
user_001405,treatment,93.64807367145809,2024-01-17 21:00:00,tablet,18-24
user_001406,treatment,83.67283999887235,2024-01-17 22:00:00,mobile,35-44
user_001407,treatment,127.5200047793323,2024-01-17 23:00:00,mobile,25-34
user_001408,treatment,100.15980241736797,2024-01-18 00:00:00,mobile,45+
user_001409,treatment,101.23750475317429,2024-01-18 01:00:00,mobile,45+
user_001410,treatment,124.92291212773587,2024-01-18 02:00:00,desktop,35-44
user_001411,treatment,113.3434501410099,2024-01-18 03:00:00,desktop,18-24
user_001412,treatment,111.83831658122412,2024-01-18 04:00:00,mobile,18-24
user_001413,treatment,137.47503517351626,2024-01-18 05:00:00,tablet,25-34
user_001414,treatment,95.34722654429785,2024-01-18 06:00:00,mobile,18-24
user_001415,treatment,118.91760192121856,2024-01-18 07:00:00,desktop,18-24
user_001416,treatment,105.85519687345626,2024-01-18 08:00:00,tablet,25-34
user_001417,treatment,109.02888418294886,2024-01-18 09:00:00,desktop,35-44
user_001418,treatment,127.92702639618798,2024-01-18 10:00:00,desktop,45+
user_001419,treatment,112.61753634434436,2024-01-18 11:00:00,tablet,25-34
user_001420,treatment,113.07444118574449,2024-01-18 12:00:00,mobile,35-44
user_001421,treatment,121.08761005964703,2024-01-18 13:00:00,mobile,25-34
user_001422,treatment,99.52570905685673,2024-01-18 14:00:00,mobile,35-44
user_001423,treatment,92.4118549899149,2024-01-18 15:00:00,mobile,25-34
user_001424,treatment,89.3278620896845,2024-01-18 16:00:00,tablet,35-44
user_001425,treatment,75.50465115935998,2024-01-18 17:00:00,tablet,25-34
user_001426,treatment,135.84310694910482,2024-01-18 18:00:00,tablet,35-44
user_001427,treatment,88.45187451417476,2024-01-18 19:00:00,desktop,25-34
user_001428,treatment,101.68119564621342,2024-01-18 20:00:00,tablet,45+
user_001429,treatment,100.84780050166619,2024-01-18 21:00:00,mobile,45+
user_001430,treatment,109.61110046713651,2024-01-18 22:00:00,desktop,18-24
user_001431,treatment,117.23605818808946,2024-01-18 23:00:00,mobile,35-44
user_001432,treatment,117.90710232539618,2024-01-19 00:00:00,mobile,25-34
user_001433,treatment,96.25383842146593,2024-01-19 01:00:00,tablet,35-44
user_001434,treatment,102.49317429320382,2024-01-19 02:00:00,tablet,45+
user_001435,treatment,109.2386992573245,2024-01-19 03:00:00,mobile,35-44
user_001436,treatment,101.26963310724679,2024-01-19 04:00:00,mobile,25-34
user_001437,treatment,129.11018364029988,2024-01-19 05:00:00,desktop,35-44
user_001438,treatment,112.36462427457377,2024-01-19 06:00:00,tablet,25-34
user_001439,treatment,116.02316679074727,2024-01-19 07:00:00,desktop,45+
user_001440,treatment,114.94321903001119,2024-01-19 08:00:00,desktop,45+
user_001441,treatment,122.60210786227987,2024-01-19 09:00:00,desktop,45+
user_001442,treatment,107.7153233805556,2024-01-19 10:00:00,mobile,18-24
user_001443,treatment,85.5475207806623,2024-01-19 11:00:00,desktop,45+
user_001444,treatment,110.99531927628962,2024-01-19 12:00:00,desktop,35-44
user_001445,treatment,95.22964659312257,2024-01-19 13:00:00,mobile,18-24
user_001446,treatment,97.07074977375365,2024-01-19 14:00:00,tablet,45+
user_001447,treatment,113.7954602813264,2024-01-19 15:00:00,tablet,35-44
user_001448,treatment,123.57424607150453,2024-01-19 16:00:00,desktop,35-44
user_001449,treatment,105.31907365104092,2024-01-19 17:00:00,mobile,35-44
user_001450,treatment,109.63249518898445,2024-01-19 18:00:00,tablet,25-34
user_001451,treatment,130.53322416952858,2024-01-19 19:00:00,desktop,18-24
user_001452,treatment,108.61129769232852,2024-01-19 20:00:00,desktop,35-44
user_001453,treatment,144.02524671270592,2024-01-19 21:00:00,mobile,25-34
user_001454,treatment,113.48264468447316,2024-01-19 22:00:00,desktop,45+
user_001455,treatment,78.58855861266274,2024-01-19 23:00:00,tablet,35-44
user_001456,treatment,116.30012431656799,2024-01-20 00:00:00,mobile,25-34
user_001457,treatment,110.71737577324167,2024-01-20 01:00:00,tablet,35-44
user_001458,treatment,124.34629131124119,2024-01-20 02:00:00,tablet,18-24
user_001459,treatment,115.09772026904938,2024-01-20 03:00:00,tablet,18-24
user_001460,treatment,102.92316024024339,2024-01-20 04:00:00,desktop,45+
user_001461,treatment,86.63552645565952,2024-01-20 05:00:00,desktop,35-44
user_001462,treatment,101.86465114070963,2024-01-20 06:00:00,tablet,25-34
user_001463,treatment,92.2421931868605,2024-01-20 07:00:00,tablet,45+
user_001464,treatment,96.29214825292917,2024-01-20 08:00:00,mobile,35-44
user_001465,treatment,113.82867606630914,2024-01-20 09:00:00,mobile,45+
user_001466,treatment,130.0485675652711,2024-01-20 10:00:00,desktop,25-34
user_001467,treatment,110.92007294734472,2024-01-20 11:00:00,desktop,45+
user_001468,treatment,87.06175406947224,2024-01-20 12:00:00,mobile,45+
user_001469,treatment,111.66904002330212,2024-01-20 13:00:00,tablet,45+
user_001470,treatment,122.94947229968477,2024-01-20 14:00:00,desktop,35-44
user_001471,treatment,95.85325643520926,2024-01-20 15:00:00,tablet,25-34
user_001472,treatment,102.98974249990623,2024-01-20 16:00:00,mobile,18-24
user_001473,treatment,105.22032292093796,2024-01-20 17:00:00,desktop,35-44
user_001474,treatment,93.2265253037664,2024-01-20 18:00:00,desktop,18-24
user_001475,treatment,114.72420650765788,2024-01-20 19:00:00,mobile,18-24
user_001476,treatment,103.18577777088328,2024-01-20 20:00:00,desktop,35-44
user_001477,treatment,111.29298665860541,2024-01-20 21:00:00,mobile,35-44
user_001478,treatment,91.6876173329685,2024-01-20 22:00:00,desktop,25-34
user_001479,treatment,98.43812549514884,2024-01-20 23:00:00,mobile,25-34
user_001480,treatment,115.83572036741657,2024-01-21 00:00:00,desktop,45+
user_001481,treatment,99.40750271862349,2024-01-21 01:00:00,tablet,18-24
user_001482,treatment,130.90445776850106,2024-01-21 02:00:00,tablet,25-34
user_001483,treatment,99.00545721578096,2024-01-21 03:00:00,tablet,45+
user_001484,treatment,108.37027088627829,2024-01-21 04:00:00,desktop,25-34
user_001485,treatment,118.98886247809635,2024-01-21 05:00:00,desktop,35-44
user_001486,treatment,83.72451400600453,2024-01-21 06:00:00,tablet,25-34
user_001487,treatment,78.58786782028837,2024-01-21 07:00:00,tablet,18-24
user_001488,treatment,82.11515528144858,2024-01-21 08:00:00,mobile,25-34
user_001489,treatment,123.93876155140774,2024-01-21 09:00:00,mobile,18-24
user_001490,treatment,96.72212781161329,2024-01-21 10:00:00,mobile,35-44
user_001491,treatment,143.37298928502378,2024-01-21 11:00:00,tablet,18-24
user_001492,treatment,96.53628602013917,2024-01-21 12:00:00,tablet,25-34
user_001493,treatment,107.76826954795555,2024-01-21 13:00:00,tablet,45+
user_001494,treatment,128.13164928851813,2024-01-21 14:00:00,mobile,35-44
user_001495,treatment,135.09139332238684,2024-01-21 15:00:00,desktop,25-34
user_001496,treatment,135.92255364954596,2024-01-21 16:00:00,tablet,35-44
user_001497,treatment,123.12549345889714,2024-01-21 17:00:00,desktop,35-44
user_001498,treatment,120.36093788717193,2024-01-21 18:00:00,desktop,25-34
user_001499,treatment,113.88790423801774,2024-01-21 19:00:00,desktop,25-34
user_001500,treatment,116.67541614249957,2024-01-21 20:00:00,mobile,45+
user_001501,treatment,96.732214255072,2024-01-21 21:00:00,desktop,35-44
user_001502,treatment,92.72701674866539,2024-01-21 22:00:00,tablet,35-44
user_001503,treatment,104.94938313883571,2024-01-21 23:00:00,mobile,25-34
user_001504,treatment,102.44723066212607,2024-01-22 00:00:00,tablet,18-24
user_001505,treatment,98.20157926009087,2024-01-22 01:00:00,tablet,25-34
user_001506,treatment,115.44581171185072,2024-01-22 02:00:00,mobile,35-44
user_001507,treatment,119.32957812855766,2024-01-22 03:00:00,tablet,25-34
user_001508,treatment,106.32610329437772,2024-01-22 04:00:00,tablet,45+
user_001509,treatment,127.16295121582893,2024-01-22 05:00:00,mobile,18-24
user_001510,treatment,87.87466328799742,2024-01-22 06:00:00,tablet,25-34
user_001511,treatment,102.09510811080423,2024-01-22 07:00:00,desktop,45+
user_001512,treatment,94.24766519095793,2024-01-22 08:00:00,tablet,35-44
user_001513,treatment,77.0019507439041,2024-01-22 09:00:00,desktop,25-34
user_001514,treatment,103.7597897123595,2024-01-22 10:00:00,tablet,35-44
user_001515,treatment,103.17378737425075,2024-01-22 11:00:00,mobile,45+
user_001516,treatment,127.70174614863197,2024-01-22 12:00:00,mobile,35-44
user_001517,treatment,114.46217526832166,2024-01-22 13:00:00,tablet,45+
user_001518,treatment,89.63719763506192,2024-01-22 14:00:00,mobile,45+
user_001519,treatment,132.81138849501284,2024-01-22 15:00:00,tablet,45+
user_001520,treatment,123.31550543288029,2024-01-22 16:00:00,mobile,25-34
user_001521,treatment,113.73146555202923,2024-01-22 17:00:00,desktop,35-44
user_001522,treatment,101.60273851725252,2024-01-22 18:00:00,tablet,35-44
user_001523,treatment,90.60841144914781,2024-01-22 19:00:00,desktop,18-24
user_001524,treatment,99.4168983589342,2024-01-22 20:00:00,desktop,18-24
user_001525,treatment,121.33122929556279,2024-01-22 21:00:00,tablet,18-24
user_001526,treatment,133.26879458901914,2024-01-22 22:00:00,desktop,18-24
user_001527,treatment,128.14865292408282,2024-01-22 23:00:00,tablet,35-44
user_001528,treatment,97.6672586732059,2024-01-23 00:00:00,desktop,45+
user_001529,treatment,88.20573850066484,2024-01-23 01:00:00,tablet,45+
user_001530,treatment,107.11329370366806,2024-01-23 02:00:00,tablet,25-34
user_001531,treatment,78.47340951655723,2024-01-23 03:00:00,mobile,45+
user_001532,treatment,109.84751571277172,2024-01-23 04:00:00,tablet,35-44
user_001533,treatment,102.78596120551997,2024-01-23 05:00:00,tablet,35-44
user_001534,treatment,98.00945247197636,2024-01-23 06:00:00,desktop,35-44
user_001535,treatment,81.07945399099808,2024-01-23 07:00:00,tablet,25-34
user_001536,treatment,112.70400159854574,2024-01-23 08:00:00,mobile,18-24
user_001537,treatment,97.00948740507133,2024-01-23 09:00:00,desktop,45+
user_001538,treatment,87.45124746434568,2024-01-23 10:00:00,desktop,35-44
user_001539,treatment,61.91606680077526,2024-01-23 11:00:00,mobile,35-44
user_001540,treatment,104.58727642424046,2024-01-23 12:00:00,desktop,18-24
user_001541,treatment,131.58377395004615,2024-01-23 13:00:00,desktop,35-44
user_001542,treatment,129.91888821821806,2024-01-23 14:00:00,desktop,45+
user_001543,treatment,98.14355615120593,2024-01-23 15:00:00,desktop,25-34
user_001544,treatment,95.9668190945733,2024-01-23 16:00:00,mobile,35-44
user_001545,treatment,112.03161384112536,2024-01-23 17:00:00,mobile,45+
user_001546,treatment,90.02421841217563,2024-01-23 18:00:00,desktop,35-44
user_001547,treatment,109.52687849729199,2024-01-23 19:00:00,desktop,18-24
user_001548,treatment,116.49120417577035,2024-01-23 20:00:00,mobile,35-44
user_001549,treatment,123.40399835826462,2024-01-23 21:00:00,mobile,35-44
user_001550,treatment,103.4976888528007,2024-01-23 22:00:00,mobile,25-34
user_001551,treatment,101.94489374734552,2024-01-23 23:00:00,desktop,18-24
user_001552,treatment,91.83026119865158,2024-01-24 00:00:00,desktop,18-24
user_001553,treatment,92.5967946894021,2024-01-24 01:00:00,tablet,25-34
user_001554,treatment,101.6028166214771,2024-01-24 02:00:00,mobile,35-44
user_001555,treatment,110.51048260224267,2024-01-24 03:00:00,desktop,45+
user_001556,treatment,118.70376939349875,2024-01-24 04:00:00,mobile,18-24
user_001557,treatment,92.95231573979483,2024-01-24 05:00:00,desktop,18-24
user_001558,treatment,127.39032853439282,2024-01-24 06:00:00,mobile,35-44
user_001559,treatment,100.93314598436147,2024-01-24 07:00:00,desktop,35-44
user_001560,treatment,104.67949058477346,2024-01-24 08:00:00,tablet,18-24
user_001561,treatment,93.79182481278265,2024-01-24 09:00:00,tablet,35-44
user_001562,treatment,68.63639609590587,2024-01-24 10:00:00,mobile,45+
user_001563,treatment,118.26068094541574,2024-01-24 11:00:00,desktop,18-24
user_001564,treatment,116.0526584563865,2024-01-24 12:00:00,desktop,45+
user_001565,treatment,100.7800866432268,2024-01-24 13:00:00,mobile,45+
user_001566,treatment,106.00486075837308,2024-01-24 14:00:00,desktop,35-44
user_001567,treatment,112.73908826556149,2024-01-24 15:00:00,mobile,45+
user_001568,treatment,81.56181214670187,2024-01-24 16:00:00,desktop,35-44
user_001569,treatment,97.06420983980559,2024-01-24 17:00:00,mobile,25-34
user_001570,treatment,116.9139701943274,2024-01-24 18:00:00,desktop,35-44
user_001571,treatment,86.18565865246126,2024-01-24 19:00:00,mobile,45+
user_001572,treatment,109.40336898249944,2024-01-24 20:00:00,desktop,25-34
user_001573,treatment,84.65127293064893,2024-01-24 21:00:00,tablet,35-44
user_001574,treatment,111.9964497365029,2024-01-24 22:00:00,desktop,45+
user_001575,treatment,104.46537776553775,2024-01-24 23:00:00,mobile,18-24
user_001576,treatment,80.77302276141737,2024-01-25 00:00:00,tablet,18-24
user_001577,treatment,122.47109031685757,2024-01-25 01:00:00,desktop,35-44
user_001578,treatment,93.98112634802926,2024-01-25 02:00:00,tablet,35-44
user_001579,treatment,92.84621344478428,2024-01-25 03:00:00,desktop,18-24
user_001580,treatment,108.00853795846415,2024-01-25 04:00:00,tablet,45+
user_001581,treatment,122.22956024143073,2024-01-25 05:00:00,mobile,45+
user_001582,treatment,89.76267271532404,2024-01-25 06:00:00,desktop,45+
user_001583,treatment,105.92519774771958,2024-01-25 07:00:00,desktop,35-44
user_001584,treatment,111.4322475049586,2024-01-25 08:00:00,mobile,25-34
user_001585,treatment,115.39658410894717,2024-01-25 09:00:00,tablet,25-34
user_001586,treatment,107.64662332915837,2024-01-25 10:00:00,mobile,25-34
user_001587,treatment,99.49458241375017,2024-01-25 11:00:00,mobile,25-34
user_001588,treatment,92.5861466902692,2024-01-25 12:00:00,tablet,25-34
user_001589,treatment,106.29215824569562,2024-01-25 13:00:00,mobile,35-44
user_001590,treatment,88.9179148202159,2024-01-25 14:00:00,desktop,35-44
user_001591,treatment,61.17974274758089,2024-01-25 15:00:00,desktop,25-34
user_001592,treatment,111.54839706236501,2024-01-25 16:00:00,desktop,35-44
user_001593,treatment,118.55902261629294,2024-01-25 17:00:00,mobile,35-44
user_001594,treatment,69.55601346687243,2024-01-25 18:00:00,desktop,25-34
user_001595,treatment,89.85403942935093,2024-01-25 19:00:00,desktop,45+
user_001596,treatment,114.28731391507796,2024-01-25 20:00:00,desktop,35-44
user_001597,treatment,135.8624320456755,2024-01-25 21:00:00,desktop,45+
user_001598,treatment,105.31190561513112,2024-01-25 22:00:00,desktop,35-44
user_001599,treatment,94.07995588156298,2024-01-25 23:00:00,desktop,35-44
user_001600,treatment,102.2565533834274,2024-01-26 00:00:00,mobile,25-34
user_001601,treatment,125.62314628722277,2024-01-26 01:00:00,desktop,35-44
user_001602,treatment,95.31053731313197,2024-01-26 02:00:00,desktop,18-24
user_001603,treatment,93.01211990024619,2024-01-26 03:00:00,tablet,18-24
user_001604,treatment,97.75884716726951,2024-01-26 04:00:00,mobile,25-34
user_001605,treatment,90.70007087611931,2024-01-26 05:00:00,mobile,45+
user_001606,treatment,106.84005473992194,2024-01-26 06:00:00,mobile,45+
user_001607,treatment,129.3701768770434,2024-01-26 07:00:00,mobile,45+
user_001608,treatment,109.84618909674043,2024-01-26 08:00:00,desktop,18-24
user_001609,treatment,101.21469746810568,2024-01-26 09:00:00,desktop,45+
user_001610,treatment,100.62283096626683,2024-01-26 10:00:00,tablet,45+
user_001611,treatment,81.55213786955014,2024-01-26 11:00:00,tablet,25-34
user_001612,treatment,118.24664665720738,2024-01-26 12:00:00,mobile,45+
user_001613,treatment,103.83244204480798,2024-01-26 13:00:00,tablet,18-24
user_001614,treatment,102.29280129614061,2024-01-26 14:00:00,tablet,18-24
user_001615,treatment,152.8966135176729,2024-01-26 15:00:00,mobile,18-24
user_001616,treatment,109.48129362548529,2024-01-26 16:00:00,mobile,25-34
user_001617,treatment,93.72313424857224,2024-01-26 17:00:00,tablet,25-34
user_001618,treatment,98.60463605691685,2024-01-26 18:00:00,desktop,35-44
user_001619,treatment,122.22668563795132,2024-01-26 19:00:00,tablet,45+
user_001620,treatment,106.69905615806647,2024-01-26 20:00:00,tablet,25-34
user_001621,treatment,83.4258303252395,2024-01-26 21:00:00,desktop,18-24
user_001622,treatment,118.78843401862805,2024-01-26 22:00:00,desktop,18-24
user_001623,treatment,94.97783871691509,2024-01-26 23:00:00,mobile,25-34
user_001624,treatment,133.09946664326318,2024-01-27 00:00:00,mobile,25-34
user_001625,treatment,121.20072098571973,2024-01-27 01:00:00,tablet,25-34
user_001626,treatment,98.29017156511873,2024-01-27 02:00:00,desktop,35-44
user_001627,treatment,124.2152454260267,2024-01-27 03:00:00,mobile,18-24
user_001628,treatment,106.01783265791104,2024-01-27 04:00:00,tablet,35-44
user_001629,treatment,117.79160512683329,2024-01-27 05:00:00,desktop,35-44
user_001630,treatment,112.27099225941713,2024-01-27 06:00:00,tablet,45+
user_001631,treatment,92.3046501751369,2024-01-27 07:00:00,mobile,18-24
user_001632,treatment,95.34675251523807,2024-01-27 08:00:00,mobile,18-24
user_001633,treatment,120.44941226371742,2024-01-27 09:00:00,desktop,25-34
user_001634,treatment,99.97837001840189,2024-01-27 10:00:00,tablet,25-34
user_001635,treatment,98.94527305137005,2024-01-27 11:00:00,desktop,45+
user_001636,treatment,90.6731613097597,2024-01-27 12:00:00,mobile,35-44
user_001637,treatment,111.35398598390192,2024-01-27 13:00:00,mobile,25-34
user_001638,treatment,135.93787378864718,2024-01-27 14:00:00,tablet,25-34
user_001639,treatment,88.9870062861859,2024-01-27 15:00:00,tablet,18-24
user_001640,treatment,105.36329185009137,2024-01-27 16:00:00,tablet,18-24
user_001641,treatment,126.18330833123144,2024-01-27 17:00:00,desktop,25-34
user_001642,treatment,103.80537913131427,2024-01-27 18:00:00,tablet,18-24
user_001643,treatment,111.78557694374601,2024-01-27 19:00:00,tablet,45+
user_001644,treatment,89.0640970777968,2024-01-27 20:00:00,mobile,25-34
user_001645,treatment,111.42460645811472,2024-01-27 21:00:00,mobile,18-24
user_001646,treatment,102.19283602493176,2024-01-27 22:00:00,tablet,45+
user_001647,treatment,119.78594993519795,2024-01-27 23:00:00,tablet,18-24
user_001648,treatment,122.81079077347127,2024-01-28 00:00:00,mobile,18-24
user_001649,treatment,143.8434546302792,2024-01-28 01:00:00,tablet,18-24
user_001650,treatment,113.69449759820364,2024-01-28 02:00:00,desktop,25-34
user_001651,treatment,109.8869447487325,2024-01-28 03:00:00,desktop,35-44
user_001652,treatment,107.91576452366004,2024-01-28 04:00:00,desktop,18-24
user_001653,treatment,99.70250560783967,2024-01-28 05:00:00,tablet,45+
user_001654,treatment,110.07725765192536,2024-01-28 06:00:00,mobile,25-34
user_001655,treatment,100.56897884791456,2024-01-28 07:00:00,tablet,25-34
user_001656,treatment,107.52691464404421,2024-01-28 08:00:00,tablet,45+
user_001657,treatment,124.7639630341194,2024-01-28 09:00:00,mobile,18-24
user_001658,treatment,89.90186152080538,2024-01-28 10:00:00,mobile,35-44
user_001659,treatment,122.09817841693568,2024-01-28 11:00:00,mobile,18-24
user_001660,treatment,124.75672601009798,2024-01-28 12:00:00,desktop,45+
user_001661,treatment,103.22897209513381,2024-01-28 13:00:00,tablet,25-34
user_001662,treatment,73.17217651487108,2024-01-28 14:00:00,mobile,35-44
user_001663,treatment,95.88267019358351,2024-01-28 15:00:00,tablet,25-34
user_001664,treatment,124.45491819841664,2024-01-28 16:00:00,desktop,45+
user_001665,treatment,104.65697906551677,2024-01-28 17:00:00,desktop,18-24
user_001666,treatment,90.01046651557634,2024-01-28 18:00:00,mobile,35-44
user_001667,treatment,97.42837618157674,2024-01-28 19:00:00,mobile,25-34
user_001668,treatment,117.60930039756829,2024-01-28 20:00:00,tablet,25-34
user_001669,treatment,113.20100352302069,2024-01-28 21:00:00,mobile,25-34
user_001670,treatment,101.41601851245458,2024-01-28 22:00:00,tablet,18-24
user_001671,treatment,99.49763382277969,2024-01-28 23:00:00,mobile,35-44
user_001672,treatment,99.12362776434267,2024-01-29 00:00:00,tablet,18-24
user_001673,treatment,91.16384723252246,2024-01-29 01:00:00,tablet,18-24
user_001674,treatment,129.23063534204164,2024-01-29 02:00:00,tablet,18-24
user_001675,treatment,100.1651929618299,2024-01-29 03:00:00,tablet,45+
user_001676,treatment,123.25737781238244,2024-01-29 04:00:00,desktop,45+
user_001677,treatment,127.81974077883677,2024-01-29 05:00:00,tablet,45+
user_001678,treatment,119.9746634722194,2024-01-29 06:00:00,mobile,35-44
user_001679,treatment,98.52569530922928,2024-01-29 07:00:00,desktop,18-24
user_001680,treatment,111.05595135504915,2024-01-29 08:00:00,desktop,18-24
user_001681,treatment,104.63706590413626,2024-01-29 09:00:00,tablet,45+
user_001682,treatment,91.44447208904808,2024-01-29 10:00:00,desktop,18-24
user_001683,treatment,109.86538922582405,2024-01-29 11:00:00,tablet,18-24
user_001684,treatment,87.31440313260296,2024-01-29 12:00:00,mobile,25-34
user_001685,treatment,122.81519082692346,2024-01-29 13:00:00,tablet,18-24
user_001686,treatment,98.0307405405241,2024-01-29 14:00:00,desktop,25-34
user_001687,treatment,108.01739483809259,2024-01-29 15:00:00,mobile,18-24
user_001688,treatment,109.24931807319213,2024-01-29 16:00:00,tablet,35-44
user_001689,treatment,101.11642539443883,2024-01-29 17:00:00,mobile,45+
user_001690,treatment,113.80040702212912,2024-01-29 18:00:00,mobile,25-34
user_001691,treatment,97.87644515066214,2024-01-29 19:00:00,desktop,45+
user_001692,treatment,118.06945946185866,2024-01-29 20:00:00,mobile,25-34
user_001693,treatment,84.81030479629877,2024-01-29 21:00:00,desktop,25-34
user_001694,treatment,106.89569369319618,2024-01-29 22:00:00,mobile,25-34
user_001695,treatment,134.08393498587427,2024-01-29 23:00:00,tablet,35-44
user_001696,treatment,89.99503013091638,2024-01-30 00:00:00,mobile,18-24
user_001697,treatment,94.83382544212722,2024-01-30 01:00:00,tablet,25-34
user_001698,treatment,112.70861774488372,2024-01-30 02:00:00,tablet,35-44
user_001699,treatment,107.69372672909397,2024-01-30 03:00:00,mobile,25-34
user_001700,treatment,110.25945148910338,2024-01-30 04:00:00,tablet,18-24
user_001701,treatment,112.33780695221495,2024-01-30 05:00:00,mobile,25-34
user_001702,treatment,114.52082202842655,2024-01-30 06:00:00,mobile,35-44
user_001703,treatment,121.64549762934334,2024-01-30 07:00:00,tablet,18-24
user_001704,treatment,111.14727985392769,2024-01-30 08:00:00,tablet,35-44
user_001705,treatment,101.38113518072187,2024-01-30 09:00:00,desktop,18-24
user_001706,treatment,115.08860551804096,2024-01-30 10:00:00,tablet,18-24
user_001707,treatment,133.49822902342822,2024-01-30 11:00:00,desktop,45+
user_001708,treatment,103.0104938042614,2024-01-30 12:00:00,tablet,45+
user_001709,treatment,90.38206042994038,2024-01-30 13:00:00,mobile,45+
user_001710,treatment,121.60621003930459,2024-01-30 14:00:00,tablet,18-24
user_001711,treatment,103.19428254069602,2024-01-30 15:00:00,mobile,25-34
user_001712,treatment,72.40995680978946,2024-01-30 16:00:00,mobile,35-44
user_001713,treatment,117.71132515725633,2024-01-30 17:00:00,mobile,35-44
user_001714,treatment,96.97007721069116,2024-01-30 18:00:00,desktop,35-44
user_001715,treatment,103.64200076543759,2024-01-30 19:00:00,tablet,45+
user_001716,treatment,109.97970495853522,2024-01-30 20:00:00,mobile,18-24
user_001717,treatment,107.857495196686,2024-01-30 21:00:00,mobile,45+
user_001718,treatment,115.6417772570856,2024-01-30 22:00:00,desktop,25-34
user_001719,treatment,98.46770444145236,2024-01-30 23:00:00,tablet,18-24
user_001720,treatment,112.69658697264124,2024-01-31 00:00:00,tablet,35-44
user_001721,treatment,101.10679983624124,2024-01-31 01:00:00,desktop,45+
user_001722,treatment,116.08215721331254,2024-01-31 02:00:00,desktop,45+
user_001723,treatment,114.23051226019581,2024-01-31 03:00:00,tablet,25-34
user_001724,treatment,90.96841946933107,2024-01-31 04:00:00,desktop,25-34
user_001725,treatment,121.28973174262549,2024-01-31 05:00:00,tablet,45+
user_001726,treatment,96.96054832328927,2024-01-31 06:00:00,tablet,25-34
user_001727,treatment,117.12086697421718,2024-01-31 07:00:00,mobile,35-44
user_001728,treatment,110.50930970102011,2024-01-31 08:00:00,mobile,25-34
user_001729,treatment,132.57275515192683,2024-01-31 09:00:00,tablet,25-34
user_001730,treatment,101.64801026442221,2024-01-31 10:00:00,tablet,45+
user_001731,treatment,99.76024805822703,2024-01-31 11:00:00,tablet,45+
user_001732,treatment,104.708705911684,2024-01-31 12:00:00,tablet,18-24
user_001733,treatment,100.45230325748587,2024-01-31 13:00:00,tablet,18-24
user_001734,treatment,116.99912852913076,2024-01-31 14:00:00,tablet,45+
user_001735,treatment,80.75534087345119,2024-01-31 15:00:00,desktop,25-34
user_001736,treatment,89.19476371280469,2024-01-31 16:00:00,tablet,25-34
user_001737,treatment,88.9829561763121,2024-01-31 17:00:00,desktop,18-24
user_001738,treatment,119.25461387960364,2024-01-31 18:00:00,desktop,18-24
user_001739,treatment,130.65920058872888,2024-01-31 19:00:00,tablet,18-24
user_001740,treatment,103.43326172193792,2024-01-31 20:00:00,tablet,35-44
user_001741,treatment,102.46767415214984,2024-01-31 21:00:00,desktop,35-44
user_001742,treatment,106.05078244669772,2024-01-31 22:00:00,desktop,18-24
user_001743,treatment,122.42817453912286,2024-01-31 23:00:00,tablet,25-34
user_001744,treatment,91.0897029871414,2024-02-01 00:00:00,tablet,18-24
user_001745,treatment,108.57553474102178,2024-02-01 01:00:00,desktop,35-44
user_001746,treatment,119.62796444673644,2024-02-01 02:00:00,desktop,25-34
user_001747,treatment,112.51641254909768,2024-02-01 03:00:00,desktop,35-44
user_001748,treatment,107.84372424898115,2024-02-01 04:00:00,mobile,25-34
user_001749,treatment,120.01569138850712,2024-02-01 05:00:00,desktop,35-44
user_001750,treatment,64.45151560501145,2024-02-01 06:00:00,mobile,25-34
user_001751,treatment,115.16812979296361,2024-02-01 07:00:00,tablet,25-34
user_001752,treatment,95.18886475308864,2024-02-01 08:00:00,tablet,25-34
user_001753,treatment,77.54050654715314,2024-02-01 09:00:00,desktop,25-34
user_001754,treatment,112.66803899287471,2024-02-01 10:00:00,tablet,45+
user_001755,treatment,125.60487817744436,2024-02-01 11:00:00,tablet,35-44
user_001756,treatment,102.93827228058463,2024-02-01 12:00:00,tablet,35-44
user_001757,treatment,119.29311820804408,2024-02-01 13:00:00,tablet,45+
user_001758,treatment,129.1841738698297,2024-02-01 14:00:00,mobile,25-34
user_001759,treatment,124.72371680376071,2024-02-01 15:00:00,mobile,25-34
user_001760,treatment,129.5994679405709,2024-02-01 16:00:00,desktop,35-44
user_001761,treatment,116.13191236607838,2024-02-01 17:00:00,desktop,45+
user_001762,treatment,106.13150458352389,2024-02-01 18:00:00,desktop,25-34
user_001763,treatment,80.97051282154247,2024-02-01 19:00:00,tablet,25-34
user_001764,treatment,101.30906267805076,2024-02-01 20:00:00,tablet,25-34
user_001765,treatment,92.35130107025712,2024-02-01 21:00:00,mobile,18-24
user_001766,treatment,137.56414076246722,2024-02-01 22:00:00,mobile,45+
user_001767,treatment,102.36171281351496,2024-02-01 23:00:00,desktop,25-34
user_001768,treatment,106.84807210176729,2024-02-02 00:00:00,mobile,18-24
user_001769,treatment,113.27228064060701,2024-02-02 01:00:00,mobile,45+
user_001770,treatment,105.65403669558681,2024-02-02 02:00:00,mobile,25-34
user_001771,treatment,130.4257656064613,2024-02-02 03:00:00,mobile,35-44
user_001772,treatment,95.66025957398323,2024-02-02 04:00:00,mobile,18-24
user_001773,treatment,107.91911182855864,2024-02-02 05:00:00,desktop,18-24
user_001774,treatment,93.86294121452927,2024-02-02 06:00:00,desktop,25-34
user_001775,treatment,85.19966233168941,2024-02-02 07:00:00,mobile,25-34
user_001776,treatment,95.82346363642071,2024-02-02 08:00:00,desktop,18-24
user_001777,treatment,104.44444804427383,2024-02-02 09:00:00,tablet,35-44
user_001778,treatment,98.5604666322411,2024-02-02 10:00:00,mobile,35-44
user_001779,treatment,94.61368530189216,2024-02-02 11:00:00,tablet,45+
user_001780,treatment,83.9052380449225,2024-02-02 12:00:00,desktop,25-34
user_001781,treatment,103.75341641056959,2024-02-02 13:00:00,desktop,35-44
user_001782,treatment,82.42919438953497,2024-02-02 14:00:00,tablet,45+
user_001783,treatment,116.40083945534404,2024-02-02 15:00:00,desktop,35-44
user_001784,treatment,106.23659629401755,2024-02-02 16:00:00,mobile,25-34
user_001785,treatment,83.13672750802604,2024-02-02 17:00:00,tablet,45+
user_001786,treatment,100.36186384425204,2024-02-02 18:00:00,mobile,45+
user_001787,treatment,93.71765391614124,2024-02-02 19:00:00,tablet,45+
user_001788,treatment,109.78761765628771,2024-02-02 20:00:00,desktop,35-44
user_001789,treatment,125.10675669034717,2024-02-02 21:00:00,tablet,25-34
user_001790,treatment,76.87241295531383,2024-02-02 22:00:00,tablet,45+
user_001791,treatment,106.72539118721126,2024-02-02 23:00:00,mobile,18-24
user_001792,treatment,102.5980080665004,2024-02-03 00:00:00,desktop,25-34
user_001793,treatment,115.07010114675698,2024-02-03 01:00:00,mobile,18-24
user_001794,treatment,108.19794942356533,2024-02-03 02:00:00,desktop,18-24
user_001795,treatment,93.72046002391771,2024-02-03 03:00:00,mobile,45+
user_001796,treatment,100.21419096500072,2024-02-03 04:00:00,tablet,45+
user_001797,treatment,93.05961214794766,2024-02-03 05:00:00,mobile,35-44
user_001798,treatment,121.14010707897897,2024-02-03 06:00:00,desktop,35-44
user_001799,treatment,105.31967473007913,2024-02-03 07:00:00,desktop,35-44
user_001800,treatment,133.5178602862951,2024-02-03 08:00:00,tablet,25-34
user_001801,treatment,104.0900877927807,2024-02-03 09:00:00,desktop,35-44
user_001802,treatment,94.37389849634306,2024-02-03 10:00:00,mobile,18-24
user_001803,treatment,82.2942841108076,2024-02-03 11:00:00,tablet,35-44
user_001804,treatment,77.95290485616083,2024-02-03 12:00:00,desktop,45+
user_001805,treatment,81.23796085491765,2024-02-03 13:00:00,desktop,35-44
user_001806,treatment,109.00689976517225,2024-02-03 14:00:00,mobile,25-34
user_001807,treatment,112.63087534844901,2024-02-03 15:00:00,mobile,25-34
user_001808,treatment,81.282139469518,2024-02-03 16:00:00,tablet,18-24
user_001809,treatment,118.42557471114173,2024-02-03 17:00:00,desktop,25-34
user_001810,treatment,97.75408422474841,2024-02-03 18:00:00,mobile,35-44
user_001811,treatment,107.20189517978324,2024-02-03 19:00:00,tablet,45+
user_001812,treatment,129.18330942383136,2024-02-03 20:00:00,desktop,25-34
user_001813,treatment,118.45258973798298,2024-02-03 21:00:00,desktop,18-24
user_001814,treatment,100.97204028141252,2024-02-03 22:00:00,tablet,35-44
user_001815,treatment,91.63211661877068,2024-02-03 23:00:00,tablet,18-24
user_001816,treatment,72.72276898006042,2024-02-04 00:00:00,mobile,25-34
user_001817,treatment,94.2127002113637,2024-02-04 01:00:00,desktop,25-34
user_001818,treatment,101.83304641758458,2024-02-04 02:00:00,desktop,18-24
user_001819,treatment,90.19230709273224,2024-02-04 03:00:00,desktop,35-44
user_001820,treatment,103.03114549361543,2024-02-04 04:00:00,tablet,25-34
user_001821,treatment,106.15277824438152,2024-02-04 05:00:00,mobile,45+
user_001822,treatment,101.62716027287883,2024-02-04 06:00:00,desktop,25-34
user_001823,treatment,95.2499612876481,2024-02-04 07:00:00,tablet,35-44
user_001824,treatment,107.52982007950092,2024-02-04 08:00:00,desktop,25-34
user_001825,treatment,111.62910974354114,2024-02-04 09:00:00,mobile,18-24
user_001826,treatment,88.64401383835731,2024-02-04 10:00:00,desktop,25-34
user_001827,treatment,126.16398569619405,2024-02-04 11:00:00,mobile,25-34
user_001828,treatment,103.52117801573607,2024-02-04 12:00:00,mobile,35-44
user_001829,treatment,105.28274434417271,2024-02-04 13:00:00,desktop,18-24
user_001830,treatment,115.62321634884836,2024-02-04 14:00:00,desktop,35-44
user_001831,treatment,108.49824196895253,2024-02-04 15:00:00,mobile,25-34
user_001832,treatment,119.29704950869868,2024-02-04 16:00:00,tablet,45+
user_001833,treatment,109.30686247802737,2024-02-04 17:00:00,mobile,25-34
user_001834,treatment,95.81343938039343,2024-02-04 18:00:00,desktop,35-44
user_001835,treatment,110.42255287809152,2024-02-04 19:00:00,desktop,45+
user_001836,treatment,87.84410689019008,2024-02-04 20:00:00,tablet,35-44
user_001837,treatment,106.62839558664784,2024-02-04 21:00:00,mobile,35-44
user_001838,treatment,104.5015501403331,2024-02-04 22:00:00,mobile,18-24
user_001839,treatment,101.87824714091191,2024-02-04 23:00:00,mobile,45+
user_001840,treatment,103.07193732841604,2024-02-05 00:00:00,desktop,25-34
user_001841,treatment,76.77226431753542,2024-02-05 01:00:00,mobile,35-44
user_001842,treatment,96.76912638388558,2024-02-05 02:00:00,tablet,25-34
user_001843,treatment,106.39267351711672,2024-02-05 03:00:00,desktop,18-24
user_001844,treatment,107.39784587996101,2024-02-05 04:00:00,desktop,18-24
user_001845,treatment,89.58487288611063,2024-02-05 05:00:00,mobile,45+
user_001846,treatment,123.98561761297051,2024-02-05 06:00:00,tablet,18-24
user_001847,treatment,92.00737727678249,2024-02-05 07:00:00,desktop,18-24
user_001848,treatment,119.54185800790106,2024-02-05 08:00:00,desktop,25-34
user_001849,treatment,111.40791542807527,2024-02-05 09:00:00,mobile,18-24
user_001850,treatment,95.30659035234295,2024-02-05 10:00:00,mobile,18-24
user_001851,treatment,131.62966338914268,2024-02-05 11:00:00,tablet,35-44
user_001852,treatment,87.0954475236528,2024-02-05 12:00:00,mobile,18-24
user_001853,treatment,118.78731260415002,2024-02-05 13:00:00,tablet,35-44
user_001854,treatment,120.00873477064468,2024-02-05 14:00:00,desktop,18-24
user_001855,treatment,94.94069686385032,2024-02-05 15:00:00,tablet,18-24
user_001856,treatment,125.88697950096493,2024-02-05 16:00:00,tablet,45+
user_001857,treatment,101.2493022810157,2024-02-05 17:00:00,tablet,45+
user_001858,treatment,109.33040443919785,2024-02-05 18:00:00,desktop,35-44
user_001859,treatment,108.90482758156831,2024-02-05 19:00:00,mobile,18-24
user_001860,treatment,102.98536887794178,2024-02-05 20:00:00,desktop,25-34
user_001861,treatment,117.16212409739673,2024-02-05 21:00:00,mobile,45+
user_001862,treatment,116.9023308082832,2024-02-05 22:00:00,tablet,25-34
user_001863,treatment,78.77202040142728,2024-02-05 23:00:00,tablet,45+
user_001864,treatment,124.56510364317229,2024-02-06 00:00:00,tablet,45+
user_001865,treatment,80.06262017946489,2024-02-06 01:00:00,tablet,18-24
user_001866,treatment,120.48819306512486,2024-02-06 02:00:00,tablet,45+
user_001867,treatment,121.90057705241375,2024-02-06 03:00:00,mobile,25-34
user_001868,treatment,88.63550354677203,2024-02-06 04:00:00,mobile,45+
user_001869,treatment,98.83778568068122,2024-02-06 05:00:00,tablet,35-44
user_001870,treatment,88.41442997271096,2024-02-06 06:00:00,desktop,18-24
user_001871,treatment,101.77618454566897,2024-02-06 07:00:00,desktop,18-24
user_001872,treatment,100.37948573721388,2024-02-06 08:00:00,tablet,35-44
user_001873,treatment,116.6949079840401,2024-02-06 09:00:00,mobile,35-44
user_001874,treatment,124.65463119179412,2024-02-06 10:00:00,desktop,35-44
user_001875,treatment,125.93525716184934,2024-02-06 11:00:00,desktop,45+
user_001876,treatment,96.56747960132547,2024-02-06 12:00:00,desktop,18-24
user_001877,treatment,101.86167189383208,2024-02-06 13:00:00,tablet,35-44
user_001878,treatment,79.74842711668575,2024-02-06 14:00:00,desktop,45+
user_001879,treatment,92.91194900255717,2024-02-06 15:00:00,desktop,35-44
user_001880,treatment,119.47277449646187,2024-02-06 16:00:00,desktop,25-34
user_001881,treatment,129.23374235322348,2024-02-06 17:00:00,desktop,25-34
user_001882,treatment,86.48476692180117,2024-02-06 18:00:00,mobile,18-24
user_001883,treatment,96.11303611270658,2024-02-06 19:00:00,tablet,45+
user_001884,treatment,104.60391364561609,2024-02-06 20:00:00,tablet,25-34
user_001885,treatment,109.2024173822941,2024-02-06 21:00:00,mobile,25-34
user_001886,treatment,92.85594720117531,2024-02-06 22:00:00,mobile,45+
user_001887,treatment,111.36091566696135,2024-02-06 23:00:00,tablet,35-44
user_001888,treatment,97.89240979393625,2024-02-07 00:00:00,desktop,45+
user_001889,treatment,104.78321593682581,2024-02-07 01:00:00,desktop,35-44
user_001890,treatment,113.19426372005549,2024-02-07 02:00:00,tablet,25-34
user_001891,treatment,105.09633404716406,2024-02-07 03:00:00,desktop,25-34
user_001892,treatment,98.45421164210147,2024-02-07 04:00:00,mobile,25-34
user_001893,treatment,103.35585294111253,2024-02-07 05:00:00,desktop,18-24
user_001894,treatment,103.67455561191997,2024-02-07 06:00:00,desktop,18-24
user_001895,treatment,99.44983455176808,2024-02-07 07:00:00,desktop,18-24
user_001896,treatment,101.11805905999347,2024-02-07 08:00:00,tablet,45+
user_001897,treatment,128.97970755757075,2024-02-07 09:00:00,mobile,25-34
user_001898,treatment,113.41379171911858,2024-02-07 10:00:00,desktop,25-34
user_001899,treatment,100.56779522956259,2024-02-07 11:00:00,tablet,45+
user_001900,treatment,115.45431606766104,2024-02-07 12:00:00,desktop,18-24
user_001901,treatment,99.99270765365985,2024-02-07 13:00:00,mobile,45+
user_001902,treatment,122.59686956379961,2024-02-07 14:00:00,desktop,18-24
user_001903,treatment,110.54463288297141,2024-02-07 15:00:00,mobile,25-34
user_001904,treatment,103.39046783993656,2024-02-07 16:00:00,desktop,35-44
user_001905,treatment,111.71575388715416,2024-02-07 17:00:00,mobile,18-24
user_001906,treatment,81.4368577189725,2024-02-07 18:00:00,desktop,25-34
user_001907,treatment,88.09848796635292,2024-02-07 19:00:00,mobile,25-34
user_001908,treatment,87.09112490401417,2024-02-07 20:00:00,desktop,35-44
user_001909,treatment,107.1441464214556,2024-02-07 21:00:00,desktop,25-34
user_001910,treatment,130.98772499227638,2024-02-07 22:00:00,tablet,25-34
user_001911,treatment,138.46950219288948,2024-02-07 23:00:00,tablet,18-24
user_001912,treatment,114.57076652161136,2024-02-08 00:00:00,mobile,18-24
user_001913,treatment,112.51266712416685,2024-02-08 01:00:00,desktop,35-44
user_001914,treatment,77.98413398770892,2024-02-08 02:00:00,mobile,35-44
user_001915,treatment,96.85989300398967,2024-02-08 03:00:00,tablet,25-34
user_001916,treatment,93.18324372137641,2024-02-08 04:00:00,mobile,18-24
user_001917,treatment,95.68728602623327,2024-02-08 05:00:00,mobile,35-44
user_001918,treatment,102.47784272122816,2024-02-08 06:00:00,tablet,35-44
user_001919,treatment,97.91864133454308,2024-02-08 07:00:00,desktop,45+
user_001920,treatment,75.31050284436319,2024-02-08 08:00:00,mobile,35-44
user_001921,treatment,116.218653841763,2024-02-08 09:00:00,tablet,25-34
user_001922,treatment,88.9088546139029,2024-02-08 10:00:00,desktop,18-24
user_001923,treatment,108.58870296166724,2024-02-08 11:00:00,tablet,35-44
user_001924,treatment,136.1112400462496,2024-02-08 12:00:00,mobile,45+
user_001925,treatment,91.20923112620365,2024-02-08 13:00:00,desktop,18-24
user_001926,treatment,67.04568715880505,2024-02-08 14:00:00,desktop,35-44
user_001927,treatment,100.70993667179833,2024-02-08 15:00:00,tablet,45+
user_001928,treatment,121.51439452497857,2024-02-08 16:00:00,tablet,35-44
user_001929,treatment,134.3752118133089,2024-02-08 17:00:00,tablet,18-24
user_001930,treatment,86.55675608321374,2024-02-08 18:00:00,desktop,18-24
user_001931,treatment,112.45048834854782,2024-02-08 19:00:00,desktop,18-24
user_001932,treatment,98.0203431482992,2024-02-08 20:00:00,mobile,25-34
user_001933,treatment,103.41077468543797,2024-02-08 21:00:00,desktop,35-44
user_001934,treatment,144.66515020525551,2024-02-08 22:00:00,mobile,25-34
user_001935,treatment,82.4554450740727,2024-02-08 23:00:00,tablet,18-24
user_001936,treatment,108.8060949224186,2024-02-09 00:00:00,tablet,45+
user_001937,treatment,112.01539757648149,2024-02-09 01:00:00,desktop,35-44
user_001938,treatment,121.2867948740902,2024-02-09 02:00:00,tablet,25-34
user_001939,treatment,106.46974730206342,2024-02-09 03:00:00,tablet,35-44
user_001940,treatment,109.62075809256153,2024-02-09 04:00:00,desktop,45+
user_001941,treatment,99.12527148867314,2024-02-09 05:00:00,mobile,25-34
user_001942,treatment,109.0369041186766,2024-02-09 06:00:00,desktop,18-24
user_001943,treatment,99.85211586753884,2024-02-09 07:00:00,mobile,25-34
user_001944,treatment,114.32357834784077,2024-02-09 08:00:00,desktop,35-44
user_001945,treatment,99.45584495934548,2024-02-09 09:00:00,desktop,35-44
user_001946,treatment,110.6565059085328,2024-02-09 10:00:00,tablet,35-44
user_001947,treatment,104.56105779472533,2024-02-09 11:00:00,desktop,35-44
user_001948,treatment,121.89075376158252,2024-02-09 12:00:00,desktop,18-24
user_001949,treatment,104.22909414617271,2024-02-09 13:00:00,mobile,25-34
user_001950,treatment,78.40451297689678,2024-02-09 14:00:00,tablet,18-24
user_001951,treatment,123.92882251070988,2024-02-09 15:00:00,mobile,18-24
user_001952,treatment,91.41401548706071,2024-02-09 16:00:00,mobile,18-24
user_001953,treatment,95.1935049202677,2024-02-09 17:00:00,tablet,35-44
user_001954,treatment,96.06508058934762,2024-02-09 18:00:00,tablet,35-44
user_001955,treatment,125.61657139756227,2024-02-09 19:00:00,tablet,35-44
user_001956,treatment,72.96488679031957,2024-02-09 20:00:00,desktop,25-34
user_001957,treatment,152.0662280048999,2024-02-09 21:00:00,tablet,45+
user_001958,treatment,120.84085213599077,2024-02-09 22:00:00,tablet,35-44
user_001959,treatment,108.3485837119374,2024-02-09 23:00:00,tablet,25-34
user_001960,treatment,104.1765899907557,2024-02-10 00:00:00,mobile,35-44
user_001961,treatment,109.28331112286486,2024-02-10 01:00:00,mobile,35-44
user_001962,treatment,112.81683642569007,2024-02-10 02:00:00,desktop,18-24
user_001963,treatment,114.67823378925085,2024-02-10 03:00:00,mobile,18-24
user_001964,treatment,113.33406699005172,2024-02-10 04:00:00,desktop,18-24
user_001965,treatment,106.34371021882873,2024-02-10 05:00:00,mobile,25-34
user_001966,treatment,102.03992369539012,2024-02-10 06:00:00,tablet,45+
user_001967,treatment,102.73090074519732,2024-02-10 07:00:00,mobile,45+
user_001968,treatment,102.07637579470979,2024-02-10 08:00:00,desktop,25-34
user_001969,treatment,122.00655145300597,2024-02-10 09:00:00,mobile,35-44
user_001970,treatment,113.90335083421293,2024-02-10 10:00:00,tablet,25-34
user_001971,treatment,60.8941704800358,2024-02-10 11:00:00,desktop,35-44
user_001972,treatment,114.83851164794642,2024-02-10 12:00:00,tablet,25-34
user_001973,treatment,107.92104292078162,2024-02-10 13:00:00,tablet,25-34
user_001974,treatment,104.71936865331153,2024-02-10 14:00:00,desktop,25-34
user_001975,treatment,99.17222320366672,2024-02-10 15:00:00,tablet,45+
user_001976,treatment,121.86169079979021,2024-02-10 16:00:00,tablet,18-24
user_001977,treatment,119.21289693184286,2024-02-10 17:00:00,mobile,25-34
user_001978,treatment,93.40683498264586,2024-02-10 18:00:00,tablet,45+
user_001979,treatment,111.10578430686803,2024-02-10 19:00:00,tablet,18-24
user_001980,treatment,90.42514898188071,2024-02-10 20:00:00,tablet,18-24
user_001981,treatment,84.30572752816605,2024-02-10 21:00:00,tablet,25-34
user_001982,treatment,95.59924163115052,2024-02-10 22:00:00,desktop,35-44
user_001983,treatment,117.93590208574138,2024-02-10 23:00:00,mobile,35-44
user_001984,treatment,119.2968756806413,2024-02-11 00:00:00,tablet,35-44
user_001985,treatment,112.6962813014594,2024-02-11 01:00:00,tablet,25-34
user_001986,treatment,115.87643680271995,2024-02-11 02:00:00,desktop,35-44
user_001987,treatment,112.74267430672438,2024-02-11 03:00:00,tablet,45+
user_001988,treatment,95.37777607165572,2024-02-11 04:00:00,desktop,45+
user_001989,treatment,111.47883817010911,2024-02-11 05:00:00,mobile,45+
user_001990,treatment,117.00614287841523,2024-02-11 06:00:00,mobile,45+
user_001991,treatment,116.31436994720362,2024-02-11 07:00:00,tablet,18-24
user_001992,treatment,122.83370057211964,2024-02-11 08:00:00,tablet,45+
user_001993,treatment,115.62455770801596,2024-02-11 09:00:00,tablet,35-44
user_001994,treatment,110.27172311312374,2024-02-11 10:00:00,desktop,25-34
user_001995,treatment,121.05225357474642,2024-02-11 11:00:00,tablet,35-44
user_001996,treatment,104.6021811112641,2024-02-11 12:00:00,tablet,45+
user_001997,treatment,91.77188023158423,2024-02-11 13:00:00,mobile,18-24
user_001998,treatment,102.55399554084354,2024-02-11 14:00:00,tablet,45+
user_001999,treatment,93.82646032790326,2024-02-11 15:00:00,mobile,25-34
